condition,group,n,winrate,mean,median,stdev
Day of Week,Friday,155,57.41935483870968,2.6639999999999997,2.75,44.03213209263636
Day of Week,Monday,143,65.03496503496503,8.935944055944056,6.5,31.505643988843932
Day of Week,Thursday,151,44.370860927152314,-7.634966887417219,-3.71,42.3819610821109
Day of Week,Tuesday,159,50.943396226415096,0.5928301886792453,0.87,36.009771197359356
Day of Week,Wednesday,157,51.59235668789809,2.2045859872611464,1.99,52.42585823968205
Month of Year,April,62,46.774193548387096,2.1024193548387093,-0.8699999999999999,86.94140539891963
Month of Year,August,66,54.54545454545454,1.7584848484848488,5.57,37.222197150973244
Month of Year,December,63,55.55555555555556,-0.06476190476190506,2.75,38.698208754792425
Month of Year,February,68,52.94117647058824,0.540294117647059,1.2000000000000002,42.955136470111874
Month of Year,January,61,49.18032786885246,1.668688524590164,-0.13,31.702218664493596
Month of Year,July,64,57.8125,-0.8653124999999999,4.015000000000001,28.13430143723336
Month of Year,June,60,61.66666666666667,8.486,10.225,24.089181565063107
Month of Year,March,67,52.23880597014925,1.0301492537313435,0.87,43.75711732557404
Month of Year,May,65,49.23076923076923,3.2341538461538457,-0.26,28.30609783533332
Month of Year,November,60,65.0,6.352333333333333,8.32,42.17153479547134
Month of Year,October,68,50.0,-4.664264705882353,-0.16000000000000003,39.723302883680084
Month of Year,September,61,50.81967213114754,-3.2719672131147544,0.13,30.02284534703932
Week of Month,1st week,173,57.22543352601156,1.1699421965317918,4.08,42.16386103432916
Week of Month,2nd week,180,57.22222222222222,5.697388888888889,4.84,53.212155323286765
Week of Month,3rd week,174,49.42528735632184,-3.405689655172414,-0.1,39.677833757882475
Week of Month,4th+ week,238,51.68067226890757,1.4408403361344537,1.58,33.8256255961391
Overnight Gap Direction,down,319,52.66457680250783,1.0735736677115986,1.58,48.16395343469199
Overnight Gap Direction,up,445,54.606741573033716,1.433370786516854,3.66,37.54195081564942
Overnight Gap Size (absolute),huge (>1%),34,52.94117647058824,-19.645,7.785,77.43727331514745
Overnight Gap Size (absolute),large (0.5-1%),115,46.08695652173913,-0.3026086956521738,-2.16,39.31419912428758
Overnight Gap Size (absolute),medium (0.3-0.5%),149,56.375838926174495,5.15503355704698,4.61,53.21281045753369
Overnight Gap Size (absolute),small (0.1-0.3%),281,55.16014234875445,3.9302491103202843,2.72,33.50390541641389
Overnight Gap Size (absolute),tiny (<0.1%),185,54.59459459459459,-1.024054054054054,2.53,35.786887677904815
Gap Direction + Size,down huge (>1%),19,47.368421052631575,-19.84526315789474,-14.24,73.68725981911068
Gap Direction + Size,down large (0.5-1%),48,35.41666666666667,-5.577083333333333,-5.915,41.17222503965886
Gap Direction + Size,down medium (0.3-0.5%),54,53.70370370370371,10.165185185185186,2.13,75.97305405482848
Gap Direction + Size,down small (0.1-0.3%),115,59.130434782608695,5.982347826086956,3.72,32.32954504838957
Gap Direction + Size,down tiny (<0.1%),83,54.21686746987952,-3.0079518072289155,2.53,37.637318913839216
Gap Direction + Size,up huge (>1%),15,60.0,-19.391333333333336,10.58,84.5775996067404
Gap Direction + Size,up large (0.5-1%),67,53.73134328358209,3.476119402985075,4.27,37.78626509946895
Gap Direction + Size,up medium (0.3-0.5%),95,57.89473684210527,2.307157894736842,5.21,34.36975664190452
Gap Direction + Size,up small (0.1-0.3%),166,52.40963855421686,2.5086144578313254,1.51,34.31853971793771
Gap Direction + Size,up tiny (<0.1%),102,54.90196078431373,0.5902941176470587,2.3899999999999997,34.3104618879161
Prior Day Direction,down,300,53.333333333333336,3.166733333333333,3.0700000000000003,49.7496379442185
Prior Day Direction,flat,111,60.36036036036037,0.28018018018017987,6.43,37.21256229681735
Prior Day Direction,up,353,52.124645892351275,-0.0022662889518414095,0.87,36.516072332595456
Prior Day Direction + Magnitude,down large (0.5-1%),87,55.172413793103445,6.240229885057471,5.09,36.97219112015959
Prior Day Direction + Magnitude,down medium (0.25-0.5%),85,56.470588235294116,-3.37564705882353,3.39,40.90398159822874
Prior Day Direction + Magnitude,down small (<0.25%),73,46.57534246575342,-0.8272602739726027,-2.16,36.19433750449993
Prior Day Direction + Magnitude,down very large (>1%),55,54.54545454545454,13.717090909090908,5.21,83.4292387389796
Prior Day Direction + Magnitude,flat small (<0.25%),111,60.36036036036037,0.28018018018017987,6.43,37.21256229681735
Prior Day Direction + Magnitude,up large (0.5-1%),141,48.226950354609926,-0.8351063829787235,-0.62,33.07154604829227
Prior Day Direction + Magnitude,up medium (0.25-0.5%),106,55.660377358490564,1.1980188679245283,3.035,36.31221729128042
Prior Day Direction + Magnitude,up small (<0.25%),67,52.23880597014925,1.7138805970149253,1.16,31.804777226224513
Prior Day Direction + Magnitude,up very large (>1%),39,56.41025641025641,-3.2017948717948723,10.9,53.84766758726318
Prior Day Range (Volatility),normal (0.5-1%),376,54.52127659574468,0.07859042553191485,1.915,33.04869899821274
Prior Day Range (Volatility),tight (<0.5%),90,48.888888888888886,-1.6973333333333336,-1.34,30.727828210221006
Prior Day Range (Volatility),very wide (>1.5%),98,59.183673469387756,8.690918367346939,15.254999999999999,74.16072132745002
Prior Day Range (Volatility),wide (1-1.5%),200,52.0,1.2591,2.1350000000000002,40.701316094805165
Win/Loss Streak Coming In,1-2 down days,283,54.06360424028268,0.5857950530035333,2.75,49.28861950903864
Win/Loss Streak Coming In,1-2 up days,297,55.55555555555556,1.0026262626262625,3.36,37.49081035830896
Win/Loss Streak Coming In,3+ down days,71,54.929577464788736,8.040140845070423,9.86,45.70305036687401
Win/Loss Streak Coming In,3+ up days,113,47.78761061946903,-0.47867256637168126,-1.27,31.677435623586593
Position in 20-Day Range,lower range (10-30%),68,61.76470588235294,17.239264705882352,16.71,72.70949752813972
Position in 20-Day Range,mid range (30-70%),164,53.65853658536586,-1.95609756097561,3.705,47.966108018265054
Position in 20-Day Range,near 20d high (90-100%),261,50.95785440613027,0.18406130268199222,0.54,27.05649187668554
Position in 20-Day Range,near 20d low (0-10%),35,45.714285714285715,-1.5631428571428572,-14.0,64.11864227267102
Position in 20-Day Range,upper range (70-90%),217,57.6036866359447,1.35073732718894,3.42,34.78188248864388
First 1-Min Bar Direction,bearish open bar,354,46.89265536723164,-1.6429378531073449,-2.1900000000000004,45.12964209154084
First 1-Min Bar Direction,bullish open bar,410,59.512195121951216,3.712463414634146,6.695,39.48827974466645
Prior Day Close Location in Range,lower half (25-50%),146,54.109589041095894,-1.232123287671233,3.04,44.59709449649745
Prior Day Close Location in Range,near high (75-100%),284,53.16901408450704,1.9629929577464786,1.3050000000000002,32.853338168590085
Prior Day Close Location in Range,near low (0-25%),170,56.470588235294116,5.2145882352941175,4.984999999999999,53.853044999764
Prior Day Close Location in Range,upper half (50-75%),164,51.829268292682926,-1.7302439024390246,1.63,41.02528179004279
