date,entry_time,exit_time,entry_price,exit_price,direction,hold_mins,exit_reason,vix_open,drop_pct,velocity,opt_entry,opt_exit,opt_contracts,pnl,risk,strike
2018-02-09,09:35,09:40,2605.8,,1,5,time_stop,32.2,0.329,0.1645,20.2,14.4,24,-13920,50000,2605
2018-02-23,09:37,09:42,2714.5,,1,5,time_stop,18.0,0.301,0.1506,8.55,10.65,58,12180,50000,2715
2018-03-02,09:37,09:42,2654.75,,1,5,time_stop,22.5,0.418,0.1394,14.1,14.4,35,1050,50000,2655
2018-03-19,09:53,09:58,2727.75,,1,5,time_stop,16.6,0.591,0.5908,9.6,9,52,-3120,50000,2730
2018-03-21,14:02,14:06,2720.7,,1,5,time_stop,17.8,0.439,0.2196,15.3,15.1,32,-640,50000,2720
2018-10-26,09:35,09:39,2659.2,,1,4,trailing_stop,24.5,1.875,0.3749,15.32,18,32,8576,50000,2660
2018-12-10,14:56,14:57,2635.3,,1,1,stop_loss,23.9,0.329,0.329,7,3.76,71,-23004,50000,2635
2018-12-19,14:02,14:04,2559.1,,1,2,stop_loss,25.1,1.345,0.6727,12.85,8.5,38,-16530,50000,2560
2018-12-24,09:35,09:40,2389.0,,1,5,time_stop,29.3,0.458,0.1528,18.83,20,26,3042,50000,2390
2018-12-26,09:42,09:46,2370.6,,1,5,time_stop,35.5,0.332,0.1107,22.2,18.5,22,-8140,50000,2370
2018-12-28,09:35,09:40,2486.8,,1,5,time_stop,30.0,0.456,0.1141,22.22,22.08,22,-308,50000,2485
2019-01-04,10:34,10:39,2504.7,,1,5,time_stop,24.4,0.35,0.1167,15.75,15.3,31,-1395,50000,2505
2019-01-07,09:35,09:36,2520.65,,1,5,time_stop,22.1,0.33,0.3302,16,16.05,31,155,50000,2520
2019-08-07,10:20,10:23,2844.9,,1,5,time_stop,20.7,0.312,0.104,16,16.55,31,1705,50000,2845
2019-09-16,13:38,13:42,3000.1,,1,5,time_stop,14.9,0.375,0.3746,0.9,1.3,555,22200,50000,3000
2019-12-20,10:55,11:00,3208.9,,1,5,time_stop,12.6,0.337,0.3367,10.71,11.12,46,1886,50000,3210
2020-02-26,09:45,09:47,3164.6,,1,2,trailing_stop,26.6,0.312,0.1559,17.9,16.4,27,-4050,50000,3165
2020-02-28,09:37,09:40,2922.41,,1,3,trailing_stop,42.0,0.327,0.3271,40.64,35.5,12,-6168,50000,2920
2020-03-02,09:35,09:38,2968.6,,1,5,time_stop,34.9,0.752,0.2507,29.6,27.23,16,-3792,50000,2970
2020-03-06,09:40,09:45,2937.6,,1,5,time_stop,41.5,0.332,0.1662,25.4,24,19,-2660,50000,2940
2020-03-11,09:39,09:43,2802.2,,1,5,time_stop,52.2,0.61,0.122,35,38,14,4200,50000,2800
2020-03-13,09:35,09:38,2613.42,,1,5,time_stop,71.3,1.048,0.262,38,39.85,13,2405,50000,2615
2020-03-20,09:36,09:40,2426.6,,1,4,stop_loss,67.9,0.365,0.3654,40.05,27.27,12,-15336,50000,2425
2020-03-23,09:35,09:39,2260.4,,1,5,time_stop,74.1,0.955,0.4776,50.78,37.3,9,-12132,50000,2260
2020-03-25,09:41,09:42,2483.4,,1,5,time_stop,61.4,0.355,0.1776,43.6,42.15,11,-1595,50000,2485
2020-03-27,09:38,09:43,2540.6,,1,5,time_stop,65.0,0.361,0.3608,35.25,26.19,14,-12684,50000,2540
2020-03-30,09:35,09:39,2561.6,,1,5,time_stop,66.3,0.42,0.1399,36,25.9,13,-13130,50000,2560
2020-04-01,09:39,09:42,2490.1,,1,5,time_stop,57.4,0.316,0.1581,31.88,32,15,180,50000,2490
2020-04-13,09:35,09:39,2756.7,,1,5,time_stop,44.6,0.663,0.1326,26.73,28.5,18,3186,50000,2755
2020-04-20,11:22,11:26,2853.64,,1,4,trailing_stop,40.7,0.498,0.4976,15,14.4,33,-1980,50000,2855
2020-04-30,09:36,09:41,2899.5,,1,5,time_stop,31.0,0.61,0.1017,16.95,17.5,29,1595,50000,2900
2020-05-01,09:37,09:42,2850.9,,1,5,time_stop,38.2,0.332,0.1107,18.1,16.6,27,-4050,50000,2850
2020-05-04,09:35,09:36,2793.85,,1,5,time_stop,39.1,0.564,0.1128,19.01,17.96,26,-2730,50000,2795
2020-05-13,09:35,09:40,2841.82,,1,5,time_stop,32.7,0.768,0.2558,16.6,20.26,30,10980,50000,2840
2020-05-15,09:35,09:40,2815.3,,1,5,time_stop,32.5,0.481,0.2404,18.2,27.3,27,24570,50000,2815
2020-06-15,09:35,09:40,2975.4,,1,5,time_stop,44.1,0.405,0.1013,22.4,28.66,22,13772,50000,2975
2020-06-26,09:40,09:45,3053.2,,1,5,time_stop,33.0,0.349,0.1746,20,16.3,25,-9250,50000,3055
2020-06-30,09:50,09:54,3044.3,,1,5,time_stop,32.5,0.309,0.1032,19.2,17.42,26,-4628,50000,3045
2020-07-10,09:35,09:39,3135.7,,1,5,time_stop,30.9,0.4,0.1001,21.14,23.55,23,5543,50000,3135
2020-07-20,09:36,09:39,3210.4,,1,5,time_stop,26.9,0.341,0.1138,17.15,18.1,29,2755,50000,3210
2020-07-24,09:38,09:43,3197.7,,1,5,time_stop,28.0,0.433,0.1082,18.2,19,27,2160,50000,3200
2020-09-04,09:38,09:43,3467.7,,1,5,time_stop,34.6,0.305,0.1524,18.8,12.72,26,-15808,50000,3470
2020-09-08,09:37,09:42,3359.6,,1,5,time_stop,30.6,0.303,0.3027,25.5,18,19,-14250,50000,3360
2020-09-09,09:39,09:44,3367.8,,1,5,time_stop,31.7,0.302,0.1007,14.41,17.2,34,9486,50000,3370
2020-09-11,09:35,09:40,3350.5,,1,5,time_stop,28.6,0.44,0.1099,17.4,17.07,28,-924,50000,3350
2020-09-21,09:35,09:37,3249.6,,1,2,trailing_stop,28.0,0.472,0.1572,23.2,20,21,-6720,50000,3250
2020-09-30,14:23,14:26,3371.8,,1,3,stop_loss,26.7,0.328,0.3281,14.21,7.79,35,-22470,50000,3370
2020-10-02,13:12,13:17,3349.3,,1,5,time_stop,28.9,0.618,0.6181,17,18.6,29,4640,50000,3350
2020-10-28,11:33,11:36,3277.8,,1,5,time_stop,34.7,3.095,0.7737,21.15,21.5,23,805,50000,3280
2020-11-04,09:35,09:38,3409.8,,1,3,stop_loss,36.8,0.383,0.1914,33.38,22.3,14,-15512,50000,3410
2020-11-06,10:58,11:01,3489.56,,1,5,time_stop,27.9,0.446,0.1115,14.7,18.03,34,11322,50000,3490
2020-11-09,09:38,09:43,3631.5,,1,5,time_stop,24.8,0.338,0.1688,19.93,16,25,-9825,50000,3630
2020-12-21,13:28,13:32,3677.0,,1,5,time_stop,24.2,2.843,0.9477,18.99,22.51,26,9152,50000,3675
2021-01-22,11:14,11:19,3828.2,,1,5,time_stop,22.2,0.34,0.34,14.1,12.87,35,-4305,50000,3830
2021-01-27,09:35,09:39,3778.6,,1,5,time_stop,23.8,0.647,0.1294,30,27.91,16,-3344,50000,3780
2021-03-05,13:54,13:59,3806.8,,1,5,time_stop,29.5,0.314,0.1047,17,18.9,29,5510,50000,3805
2021-03-17,14:03,14:07,3949.9,,1,4,trailing_stop,20.1,0.408,0.2042,14.4,16.3,34,6460,50000,3950
2021-05-19,09:37,09:42,4063.7,,1,5,time_stop,22.5,0.312,0.1558,18.8,19.48,26,1768,50000,4065
2021-10-08,09:35,09:40,4384.3,,1,5,time_stop,19.5,0.332,0.1106,21.47,26,23,10419,50000,4385
2021-12-03,09:35,09:39,4586.35,,1,4,trailing_stop,26.9,0.362,0.1206,22,20.6,22,-3080,50000,4585
2021-12-06,09:35,09:40,4542.5,,1,5,time_stop,29.0,0.539,0.1077,27.5,25.95,18,-2790,50000,4540
2021-12-20,09:40,09:41,4532.8,,1,5,time_stop,25.9,0.366,0.3664,29.8,30.51,16,1136,50000,4535
2022-01-14,10:03,10:06,4630.1,,1,5,time_stop,20.1,0.338,0.1126,29.1,30.5,17,2380,50000,4630
2022-01-24,09:42,09:45,4319.8,,1,3,stop_loss,28.2,0.341,0.1707,42.29,29.3,11,-14289,50000,4320
2022-01-26,09:35,09:37,4389.5,,1,5,time_stop,29.4,0.605,0.1209,48.35,48.35,10,0,50000,4390
2022-01-28,09:35,09:40,4288.1,,1,5,time_stop,30.3,1.002,0.2004,35.1,39,14,5460,50000,4290
2022-02-02,09:42,09:46,4548.1,,1,4,trailing_stop,21.6,0.346,0.1154,24.08,21.75,20,-4660,50000,4550
2022-02-22,09:35,09:40,4307.6,,1,5,time_stop,31.8,0.444,0.1109,29.03,28.5,17,-901,50000,4310
2022-02-28,09:40,09:45,4328.2,,1,5,time_stop,32.4,0.313,0.1044,32.15,33.5,15,2025,50000,4330
2022-03-07,09:35,09:40,4303.3,,1,5,time_stop,35.9,0.35,0.1166,25.5,26.4,19,1710,50000,4305
2022-03-09,10:16,10:20,4249.2,,1,4,trailing_stop,33.7,0.34,0.3401,25,28.43,20,6860,50000,4250
2022-04-11,09:38,09:41,4432.9,,1,5,time_stop,23.1,0.384,0.1921,22.7,21.8,22,-1980,50000,4435
2022-04-22,09:35,09:40,4359.01,,1,5,time_stop,22.7,0.304,0.304,24.7,18.2,20,-13000,50000,4360
2022-04-25,10:39,10:44,4229.5,,1,5,time_stop,30.0,0.342,0.1708,30.16,22.55,16,-12176,50000,4230
2022-04-27,09:52,09:57,4206.2,,1,5,time_stop,31.1,0.332,0.1659,30.48,29.9,16,-928,50000,4205
2022-05-02,09:35,09:39,4104.1,,1,5,time_stop,33.4,0.644,0.1288,37,32.2,13,-6240,50000,4105
2022-05-04,14:02,14:06,4182.7,,1,4,trailing_stop,29.1,0.447,0.4475,32.83,30,15,-4245,50000,4185
2022-05-06,09:35,09:40,4094.9,,1,5,time_stop,32.2,0.554,0.1384,37.6,32.4,13,-6760,50000,4095
2022-05-09,09:42,09:45,4050.7,,1,3,trailing_stop,31.9,0.33,0.1099,35.7,32.5,14,-4480,50000,4050
2022-05-10,09:35,09:39,4041.3,,1,5,time_stop,33.7,0.48,0.1201,32.6,34.41,15,2715,50000,4040
2022-05-16,09:44,09:46,3995.4,,1,2,stop_loss,30.0,0.436,0.109,35.2,20.6,14,-20440,50000,3995
2022-05-17,14:11,14:13,4062.7,,1,2,stop_loss,27.1,0.302,0.1006,16.99,10.4,29,-19111,50000,4065
2022-05-20,09:35,09:40,3922.8,,1,5,time_stop,28.8,1.196,0.2991,27.28,28.41,18,2034,50000,3925
2022-05-23,09:54,09:56,3931.2,,1,2,trailing_stop,29.0,0.335,0.1673,25.4,24.38,19,-1938,50000,3930
2022-05-24,09:35,09:40,3920.4,,1,5,time_stop,29.4,0.396,0.1321,24.5,22.01,20,-4980,50000,3920
2022-05-25,09:48,09:53,3934.7,,1,5,time_stop,29.3,0.478,0.1593,29.5,30.9,16,2240,50000,3935
2022-05-31,09:35,09:40,4116.1,,1,5,time_stop,27.5,0.56,0.1121,26.57,21,18,-10026,50000,4115
2022-06-03,09:36,09:41,4124.5,,1,5,time_stop,24.9,0.37,0.1232,23.4,23.88,21,1008,50000,4125
2022-06-13,09:39,09:44,3802.3,,1,5,time_stop,31.4,0.414,0.2069,30.61,29.6,16,-1616,50000,3800
2022-06-14,10:04,10:09,3767.95,,1,5,time_stop,33.0,0.303,0.303,21.01,17.8,23,-7383,50000,3770
2022-06-15,14:01,14:03,3772.8,,1,2,trailing_stop,32.4,0.711,0.7106,23.9,24.2,20,600,50000,3775
2022-06-16,09:35,09:40,3697.6,,1,5,time_stop,30.4,0.318,0.106,23.64,17.5,21,-12894,50000,3700
2022-06-22,09:35,09:40,3713.3,,1,5,time_stop,31.4,0.354,0.1771,27.09,28.1,18,1818,50000,3715
2022-06-23,09:35,09:40,3758.35,,1,5,time_stop,29.3,0.409,0.1024,26.1,32.3,19,11780,50000,3760
2022-06-27,09:35,09:39,3892.6,,1,5,time_stop,28.3,0.537,0.1073,26.56,26.5,18,-108,50000,3895
2022-06-29,09:35,09:40,3796.8,,1,5,time_stop,28.8,0.534,0.1069,29.8,23.7,16,-9760,50000,3795
2022-07-06,09:36,09:41,3824.9,,1,5,time_stop,27.8,0.305,0.1017,26.2,20.3,19,-11210,50000,3825
2022-07-11,09:35,09:38,3856.5,,1,3,stop_loss,26.4,0.315,0.1051,27,18.37,18,-15534,50000,3855
2022-07-14,11:11,11:16,3733.4,,1,5,time_stop,27.5,1.506,0.7532,19,16.5,26,-6500,50000,3735
2022-07-15,10:03,10:06,3824.4,,1,3,trailing_stop,26.7,0.406,0.1353,22.29,21.9,22,-858,50000,3825
2022-07-22,09:53,09:56,3986.22,,1,3,stop_loss,23.3,0.389,0.1947,28.91,19.9,17,-15317,50000,3985
2022-07-27,14:06,14:10,3959.6,,1,5,time_stop,24.3,0.395,0.1975,26.6,25.75,18,-1530,50000,3960
2022-08-26,10:11,10:16,4185.55,,1,5,time_stop,22.1,0.335,0.3346,23,19.3,21,-7770,50000,4185
2022-08-29,09:59,10:04,4028.14,,1,5,time_stop,26.9,0.336,0.1118,19.3,18.4,25,-2250,50000,4030
2022-09-13,09:35,09:38,4013.7,,1,3,trailing_stop,23.7,0.429,0.1431,21.14,17.5,23,-8372,50000,4015
2022-09-26,09:44,09:49,3672.2,,1,5,time_stop,31.7,0.369,0.123,31.7,36.5,15,7200,50000,3670
2022-09-28,10:02,10:06,3642.2,,1,4,trailing_stop,34.5,0.448,0.2241,30.6,27.9,16,-4320,50000,3640
2022-09-30,09:36,09:41,3609.3,,1,5,time_stop,31.6,0.507,0.2536,34.7,30.95,14,-5250,50000,3610
2022-10-03,09:52,09:57,3605.3,,1,5,time_stop,33.0,0.304,0.1014,27.75,27.53,18,-396,50000,3605
2022-10-05,09:38,09:42,3739.4,,1,5,time_stop,29.4,0.331,0.1653,25.04,23.7,19,-2546,50000,3740
2022-10-07,12:08,12:13,3653.8,,1,5,time_stop,30.4,2.12,0.7066,19.13,20.8,26,4342,50000,3655
2022-10-11,09:35,09:40,3572.39,,1,5,time_stop,33.6,0.463,0.1543,26.1,26.7,19,1140,50000,3570
2022-10-12,09:35,09:40,3579.7,,1,5,time_stop,33.5,0.511,0.1278,25.78,30.3,19,8588,50000,3580
2022-10-13,09:36,09:40,3486.12,,1,5,time_stop,33.6,0.377,0.3766,28.6,29,17,680,50000,3485
2022-10-14,09:35,09:40,3679.3,,1,5,time_stop,31.9,0.357,0.1787,28.77,35.9,17,12121,50000,3680
2022-10-17,09:45,09:50,3662.4,,1,5,time_stop,32.3,0.31,0.1034,27.31,30.5,18,5742,50000,3660
2022-10-21,09:35,09:39,3642.8,,1,5,time_stop,30.2,0.41,0.1367,25.67,31.7,19,11457,50000,3645
2022-10-24,09:40,09:43,3759.2,,1,3,trailing_stop,30.6,0.511,0.2554,25.7,22.6,19,-5890,50000,3760
2022-10-26,10:04,10:09,3828.6,,1,5,time_stop,28.4,0.315,0.105,21.5,25.6,23,9430,50000,3830
2022-10-28,10:02,10:07,3820.5,,1,5,time_stop,27.4,0.373,0.1865,24,24.91,20,1820,50000,3820
2022-10-31,11:58,12:01,3865.3,,1,5,time_stop,26.9,0.481,0.1605,16.82,20.45,29,10527,50000,3865
2022-11-11,10:07,10:12,3949.5,,1,5,time_stop,23.9,0.361,0.3608,20.12,27.68,24,18144,50000,3950
2022-11-14,09:43,09:45,3965.49,,1,2,trailing_stop,24.0,0.314,0.1048,20.26,18.21,24,-4920,50000,3965
2022-11-30,13:32,13:37,3960.15,,1,5,time_stop,21.7,0.399,0.3986,23.46,27.38,21,8232,50000,3960
2022-12-01,10:01,10:04,4082.6,,1,3,trailing_stop,20.8,0.424,0.4244,12.8,13.04,39,936,50000,4085
2022-12-14,14:00,14:02,4026.6,,1,2,stop_loss,22.8,0.7,0.3502,30,20.3,16,-15520,50000,4025
2022-12-15,09:35,09:40,3935.5,,1,5,time_stop,21.5,0.43,0.1075,16.3,16.3,30,0,50000,3935
2022-12-20,09:42,09:47,3786.2,,1,5,time_stop,23.2,0.324,0.1079,30.6,22.37,16,-13168,50000,3785
2022-12-23,09:35,09:40,3792.5,,1,5,time_stop,22.2,0.53,0.2649,28.72,27.83,17,-1513,50000,3790
2023-01-03,09:45,09:48,3844.6,,1,3,stop_loss,23.1,0.51,0.1699,21.9,14.9,22,-15400,50000,3845
2023-01-04,09:44,09:49,3826.0,,1,5,time_stop,22.9,0.409,0.2043,31.6,27.02,15,-6870,50000,3825
2023-01-05,10:10,10:15,3806.3,,1,5,time_stop,22.2,0.317,0.1584,22.6,24.73,22,4686,50000,3805
2023-01-06,09:37,09:42,3822.31,,1,5,time_stop,22.7,0.45,0.2252,27.73,18.42,18,-16758,50000,3820
2023-01-12,09:36,09:41,3945.6,,1,5,time_stop,21.6,0.606,0.101,28.71,25.7,17,-5117,50000,3945
2023-01-19,09:44,09:49,3891.8,,1,5,time_stop,20.4,0.32,0.1067,21.42,19.28,23,-4922,50000,3890
2023-01-24,09:58,10:03,3989.0,,1,5,time_stop,19.9,0.312,0.1041,19.5,18.1,25,-3500,50000,3990
2023-02-07,12:42,12:47,4100.5,,1,5,time_stop,19.5,0.43,0.4298,22.8,44.53,21,45633,50000,4100
2023-02-15,09:53,09:58,4110.16,,1,5,time_stop,19.3,0.343,0.1143,12.9,13,38,380,50000,4110
2023-03-13,09:35,09:38,3813.78,,1,3,trailing_stop,24.1,0.556,0.1113,25.8,23.77,19,-3857,50000,3815
2023-03-20,09:36,09:41,3918.4,,1,5,time_stop,28.0,0.395,0.1973,19.32,24.3,25,12450,50000,3920
2023-03-22,14:02,14:07,4006.52,,1,5,time_stop,21.9,0.329,0.1644,22.86,33.7,21,22764,50000,4005
2023-05-03,14:03,14:05,4128.85,,1,2,trailing_stop,17.7,0.342,0.114,15.6,15.4,32,-640,50000,4130
2023-09-01,09:37,09:42,4527.45,,1,5,time_stop,13.5,0.304,0.1013,11.4,9.34,43,-8858,50000,4525
2024-04-16,14:14,14:18,5064.47,,1,4,stop_loss,19.5,0.303,0.1513,9.5,5.77,52,-19396,50000,5065
2024-05-03,10:01,10:03,5118.8,,1,2,trailing_stop,14.5,0.395,0.3954,12.9,13.1,38,760,50000,5120
2024-07-26,10:31,10:36,5442.52,,1,5,time_stop,17.9,0.374,0.1247,15.6,13.8,32,-5760,50000,5445
2024-08-05,09:40,09:45,5152.98,,1,5,time_stop,38.4,0.313,0.3132,45.2,55.24,11,11044,50000,5155
2024-08-06,10:30,10:35,5238.47,,1,5,time_stop,32.7,0.352,0.1759,24.27,31.1,20,13660,50000,5240
2024-09-06,09:38,09:43,5504.73,,1,5,time_stop,22.0,0.321,0.1071,20.6,22.7,24,5040,50000,5505
2024-11-21,09:35,09:38,5922.09,,1,3,stop_loss,17.1,0.421,0.1402,17.6,11.7,28,-16520,50000,5920
2025-02-03,11:05,11:10,5979.44,,1,5,time_stop,20.4,0.437,0.1094,16.64,31.1,30,43380,50000,5980
2025-03-05,13:08,13:13,5802.53,,1,5,time_stop,23.0,0.34,0.3397,20.3,23.7,24,8160,50000,5805
2025-03-06,09:35,09:40,5756.21,,1,5,time_stop,22.6,0.513,0.1025,30.77,32.5,16,2768,50000,5755
2025-03-07,09:58,10:03,5752.51,,1,5,time_stop,24.9,0.311,0.1038,30.5,30.3,16,-320,50000,5755
2025-04-04,09:35,09:40,5240.86,,1,5,time_stop,30.1,0.969,0.1938,50.3,38.5,9,-10620,50000,5240
2025-04-07,09:35,09:40,4880.08,,1,5,time_stop,60.1,1.488,0.2976,71.47,60.47,6,-6600,50000,4880
2025-04-08,10:24,10:29,5249.55,,1,5,time_stop,44.0,0.34,0.1701,39.7,40.3,12,720,50000,5250
2025-04-11,09:40,09:45,5249.76,,1,5,time_stop,40.8,0.406,0.4062,58.7,74.7,8,12800,50000,5250
2025-04-15,10:18,10:23,5421.82,,1,5,time_stop,30.0,0.525,0.1049,24.3,22.75,20,-3100,50000,5420
2025-04-23,09:36,09:40,5413.24,,1,4,trailing_stop,28.8,0.367,0.1833,30.99,51.1,16,32176,50000,5415
2025-10-17,10:00,10:05,6620.17,,1,5,time_stop,28.4,0.395,0.1318,28.7,37.1,17,14280,50000,6620
2026-02-13,09:50,09:55,6823.36,,1,5,time_stop,21.5,0.342,0.171,29.4,36.31,17,11747,50000,6825
2026-02-20,10:03,10:05,6884.01,,1,2,trailing_stop,20.0,0.374,0.3742,21,16,23,-11500,50000,6885
