date,strategy,structure,direction,spx_entry,spx_exit,entry_time,exit_time,hold_mins,exit_reason,und_pts,vix,opt_pnl,opt_ticker,opt_entry_px,opt_exit_px
2018-06-29,StrongBody_PrevBull|Fri|Asym_12_4_20,long_call,LONG,2723.8,2727.3,09:30,09:50,20,time_stop,3.5,15.7,272.0,O:SPXW180629C02725000,10,12.72
2018-06-29,StrongBody_PrevBull|Fri|Asym_12_4_20,long_otm_call,LONG,2723.8,2727.3,09:30,09:50,20,time_stop,3.5,15.7,280.0,O:SPXW180629C02730000,6.55,9.35
2018-06-29,StrongBody_PrevBull|Fri|Asym_12_4_20,bull_call_10,LONG,2723.8,2727.3,09:30,09:50,20,time_stop,3.5,15.7,67.0,O:SPXW180629C02725000|O:SPXW180629C02735000,10/4.05,12.72/6.1
2018-08-24,Bull_GapCont|Fri|Std_10_5_15,long_otm_call,LONG,2865.1,2864.87,09:30,09:45,15,time_stop,-0.23,12.1,3.0,O:SPXW180824C02870000,1.8,1.83
2018-09-28,StrongBody_Bull|VeryLow|Micro_2_1.5_5,long_call,LONG,2901.2,2902.2,09:30,09:35,5,time_stop,1.0,12.6,128.0,O:SPXW180928C02900000,11.55,12.83
2018-09-28,StrongBody_Bull|VeryLow|Micro_2_1.5_5,long_itm_call,LONG,2901.2,2902.2,09:30,09:35,5,time_stop,1.0,12.6,105.0,O:SPXW180928C02895000,16.15,17.2
2018-09-28,StrongBody_Bull|VeryLow|Micro_2_1.5_5,long_otm_call,LONG,2901.2,2902.2,09:30,09:35,5,time_stop,1.0,12.6,90.0,O:SPXW180928C02905000,8.1,9
2018-09-28,StrongBody_Bull|VeryLow|Micro_2_1.5_5,bull_call_10,LONG,2901.2,2902.2,09:30,09:35,5,time_stop,1.0,12.6,78.0,O:SPXW180928C02900000|O:SPXW180928C02910000,11.55/5.3,12.83/5.8
2018-09-28,StrongBody_PrevBull|Fri|Asym_12_4_20,long_call,LONG,2901.2,2901.3,09:30,09:50,20,time_stop,0.1,12.6,-15.0,O:SPXW180928C02900000,11.55,11.4
2018-09-28,StrongBody_PrevBull|Fri|Asym_12_4_20,long_otm_call,LONG,2901.2,2901.3,09:30,09:50,20,time_stop,0.1,12.6,5.0,O:SPXW180928C02905000,8.1,8.15
2018-09-28,StrongBody_PrevBull|Fri|Asym_12_4_20,bull_call_10,LONG,2901.2,2901.3,09:30,09:50,20,time_stop,0.1,12.6,-5.0,O:SPXW180928C02900000|O:SPXW180928C02910000,11.55/5.3,11.4/5.2
2018-10-19,Bull_GapCont|Fri|Std_10_5_15,long_call,LONG,2772.6,2782.6,09:30,09:41,11,profit_target,10.0,19.2,565.0,O:SPXW181019C02775000,11.8,17.45
2018-10-19,Bull_GapCont|Fri|Std_10_5_15,long_otm_call,LONG,2772.6,2782.6,09:30,09:41,11,profit_target,10.0,19.2,500.0,O:SPXW181019C02780000,8.9,13.9
2018-10-19,Bull_GapCont|Fri|Std_10_5_15,bull_call_5,LONG,2772.6,2782.6,09:30,09:41,11,profit_target,10.0,19.2,65.0,O:SPXW181019C02775000|O:SPXW181019C02780000,11.8/8.9,17.45/13.9
2018-10-19,Bull_GapCont|Fri|Std_10_5_15,bull_call_10,LONG,2772.6,2782.6,09:30,09:41,11,profit_target,10.0,19.2,165.0,O:SPXW181019C02775000|O:SPXW181019C02785000,11.8/6.7,17.45/10.7
2019-02-22,Bull_GapCont|Fri|Std_10_5_15,long_call,LONG,2782.6,2781.65,09:30,09:45,15,time_stop,-0.95,14.5,-53.0,O:SPXW190222C02785000,5.04,4.51
2019-02-22,Bull_GapCont|Fri|Std_10_5_15,long_otm_call,LONG,2782.6,2781.65,09:30,09:45,15,time_stop,-0.95,14.5,-45.0,O:SPXW190222C02790000,3.1,2.65
2019-02-22,Bull_GapCont|Fri|Std_10_5_15,bull_call_5,LONG,2782.6,2781.65,09:30,09:45,15,time_stop,-0.95,14.5,-8.0,O:SPXW190222C02785000|O:SPXW190222C02790000,5.04/3.1,4.51/2.65
2019-02-22,Bull_GapCont|Fri|Std_10_5_15,bull_call_10,LONG,2782.6,2781.65,09:30,09:45,15,time_stop,-0.95,14.5,-5.0,O:SPXW190222C02785000|O:SPXW190222C02795000,5.04/1.96,4.51/1.48
2019-03-18,StrongBody_Bull|VeryLow|Micro_2_1.5_5,long_call,LONG,2816.9,2818.73,09:30,09:35,5,time_stop,1.83,13.1,120.0,O:SPXW190318C02815000,12.13,13.33
2019-03-18,StrongBody_Bull|VeryLow|Micro_2_1.5_5,long_itm_call,LONG,2816.9,2818.73,09:30,09:35,5,time_stop,1.83,13.1,127.0,O:SPXW190318C02810000,16.53,17.8
2019-03-18,StrongBody_Bull|VeryLow|Micro_2_1.5_5,long_otm_call,LONG,2816.9,2818.73,09:30,09:35,5,time_stop,1.83,13.1,200.0,O:SPXW190318C02820000,7.7,9.7
2019-03-18,StrongBody_Bull|VeryLow|Micro_2_1.5_5,bull_call_10,LONG,2816.9,2818.73,09:30,09:35,5,time_stop,1.83,13.1,-19.0,O:SPXW190318C02815000|O:SPXW190318C02825000,12.13/4.71,13.33/6.1
2019-03-18,StrongBody_Trend|VeryLow|Micro_2_1.5_5,long_call,LONG,2816.9,2818.73,09:30,09:35,5,time_stop,1.83,13.1,120.0,O:SPXW190318C02815000,12.13,13.33
2019-03-18,StrongBody_Trend|VeryLow|Micro_2_1.5_5,long_otm_call,LONG,2816.9,2818.73,09:30,09:35,5,time_stop,1.83,13.1,200.0,O:SPXW190318C02820000,7.7,9.7
2019-03-18,StrongBody_Trend|VeryLow|Micro_2_1.5_5,bull_call_10,LONG,2816.9,2818.73,09:30,09:35,5,time_stop,1.83,13.1,-19.0,O:SPXW190318C02815000|O:SPXW190318C02825000,12.13/4.71,13.33/6.1
2019-03-18,TripleBull_BodyTrendPrev|VeryLow|Micro_4_2_8,long_call,LONG,2816.9,2817.7,09:30,09:38,8,time_stop,0.8,13.1,67.0,O:SPXW190318C02815000,12.13,12.8
2019-03-18,TripleBull_BodyTrendPrev|VeryLow|Micro_4_2_8,long_otm_call,LONG,2816.9,2817.7,09:30,09:38,8,time_stop,0.8,13.1,120.0,O:SPXW190318C02820000,7.7,8.9
2019-03-18,TripleBull_BodyTrendPrev|VeryLow|Micro_4_2_8,bull_call_10,LONG,2816.9,2817.7,09:30,09:38,8,time_stop,0.8,13.1,-7.0,O:SPXW190318C02815000|O:SPXW190318C02825000,12.13/4.71,12.8/5.45
2019-05-10,StrongBody_PrevBull|Fri|Asym_12_4_20,long_call,LONG,2859.8,2855.8,09:30,09:32,2,stop_loss,-4.0,18.8,-10.0,O:SPXW190510C02860000,13.2,13.1
2019-05-10,StrongBody_PrevBull|Fri|Asym_12_4_20,long_otm_call,LONG,2859.8,2855.8,09:30,09:32,2,stop_loss,-4.0,18.8,-195.0,O:SPXW190510C02865000,11.6,9.65
2019-05-10,StrongBody_PrevBull|Fri|Asym_12_4_20,bull_call_10,LONG,2859.8,2855.8,09:30,09:32,2,stop_loss,-4.0,18.8,140.0,O:SPXW190510C02860000|O:SPXW190510C02870000,13.2/8.6,13.1/7.1
2019-10-04,Bull_GapCont|Fri|Std_10_5_15,long_call,LONG,2912.9,2917.3,09:30,09:45,15,time_stop,4.4,19.4,247.0,O:SPXW191004C02915000,12.08,14.55
2019-10-04,Bull_GapCont|Fri|Std_10_5_15,long_otm_call,LONG,2912.9,2917.3,09:30,09:45,15,time_stop,4.4,19.4,210.0,O:SPXW191004C02920000,9,11.1
2019-10-04,Bull_GapCont|Fri|Std_10_5_15,bull_call_5,LONG,2912.9,2917.3,09:30,09:45,15,time_stop,4.4,19.4,37.0,O:SPXW191004C02915000|O:SPXW191004C02920000,12.08/9,14.55/11.1
2019-10-04,Bull_GapCont|Fri|Std_10_5_15,bull_call_10,LONG,2912.9,2917.3,09:30,09:45,15,time_stop,4.4,19.4,78.0,O:SPXW191004C02915000|O:SPXW191004C02925000,12.08/6.5,14.55/8.19
2019-10-11,StrongBody_PrevBull|Fri|Asym_12_4_20,long_call,LONG,2965.2,2977.2,09:30,09:49,19,profit_target,12.0,17.4,504.0,O:SPXW191011C02965000,15,20.04
2019-10-11,StrongBody_PrevBull|Fri|Asym_12_4_20,long_otm_call,LONG,2965.2,2977.2,09:30,09:49,19,profit_target,12.0,17.4,458.0,O:SPXW191011C02970000,11.92,16.5
2019-10-11,StrongBody_PrevBull|Fri|Asym_12_4_20,bull_call_10,LONG,2965.2,2977.2,09:30,09:49,19,profit_target,12.0,17.4,94.0,O:SPXW191011C02965000|O:SPXW191011C02975000,15/8.9,20.04/13
2019-10-28,StrongBody_Bull|VeryLow|Micro_2_1.5_5,long_call,LONG,3031.52,3034.5,09:30,09:35,5,time_stop,2.98,13.0,288.0,O:SPXW191028C03030000,8.3,11.18
2019-10-28,StrongBody_Bull|VeryLow|Micro_2_1.5_5,long_itm_call,LONG,3031.52,3034.5,09:30,09:35,5,time_stop,2.98,13.0,350.0,O:SPXW191028C03025000,12.5,16
2019-10-28,StrongBody_Bull|VeryLow|Micro_2_1.5_5,long_otm_call,LONG,3031.52,3034.5,09:30,09:35,5,time_stop,2.98,13.0,281.0,O:SPXW191028C03035000,5.28,8.09
2019-10-28,StrongBody_Bull|VeryLow|Micro_2_1.5_5,bull_call_10,LONG,3031.52,3034.5,09:30,09:35,5,time_stop,2.98,13.0,142.0,O:SPXW191028C03030000|O:SPXW191028C03040000,8.3/2.9,11.18/4.36
2019-10-28,StrongBody_Trend|VeryLow|Micro_2_1.5_5,long_call,LONG,3031.52,3034.5,09:30,09:35,5,time_stop,2.98,13.0,288.0,O:SPXW191028C03030000,8.3,11.18
2019-10-28,StrongBody_Trend|VeryLow|Micro_2_1.5_5,long_otm_call,LONG,3031.52,3034.5,09:30,09:35,5,time_stop,2.98,13.0,281.0,O:SPXW191028C03035000,5.28,8.09
2019-10-28,StrongBody_Trend|VeryLow|Micro_2_1.5_5,bull_call_10,LONG,3031.52,3034.5,09:30,09:35,5,time_stop,2.98,13.0,142.0,O:SPXW191028C03030000|O:SPXW191028C03040000,8.3/2.9,11.18/4.36
2019-10-28,TripleBull_BodyTrendPrev|VeryLow|Micro_4_2_8,long_call,LONG,3031.52,3035.52,09:30,09:36,6,profit_target,4.0,13.0,440.0,O:SPXW191028C03030000,8.3,12.7
2019-10-28,TripleBull_BodyTrendPrev|VeryLow|Micro_4_2_8,long_otm_call,LONG,3031.52,3035.52,09:30,09:36,6,profit_target,4.0,13.0,282.0,O:SPXW191028C03035000,5.28,8.1
2019-10-28,TripleBull_BodyTrendPrev|VeryLow|Micro_4_2_8,bull_call_10,LONG,3031.52,3035.52,09:30,09:36,6,profit_target,4.0,13.0,230.0,O:SPXW191028C03030000|O:SPXW191028C03040000,8.3/2.9,12.7/5
2019-11-04,StrongBody_Bull|VeryLow|Micro_2_1.5_5,long_itm_call,LONG,3079.93,3078.43,09:30,09:31,1,stop_loss,-1.5,12.7,-70.0,O:SPXW191104C03075000,11.2,10.5
2019-11-04,StrongBody_Bull|VeryLow|Micro_2_1.5_5,long_otm_call,LONG,3079.93,3078.43,09:30,09:31,1,stop_loss,-1.5,12.7,-75.0,O:SPXW191104C03085000,4.65,3.9
2019-11-04,StrongBody_Trend|VeryLow|Micro_2_1.5_5,long_otm_call,LONG,3079.93,3078.43,09:30,09:31,1,stop_loss,-1.5,12.7,-75.0,O:SPXW191104C03085000,4.65,3.9
2019-11-04,TripleBull_BodyTrendPrev|VeryLow|Micro_4_2_8,long_otm_call,LONG,3079.93,3077.93,09:30,09:32,2,stop_loss,-2.0,12.7,-125.0,O:SPXW191104C03085000,4.65,3.4
2019-11-25,StrongBody_Bull|VeryLow|Micro_2_1.5_5,long_call,LONG,3121.5,3123.5,09:30,09:33,3,profit_target,2.0,12.5,148.0,O:SPXW191125C03120000,4.6,6.08
2019-11-25,StrongBody_Bull|VeryLow|Micro_2_1.5_5,long_itm_call,LONG,3121.5,3123.5,09:30,09:33,3,profit_target,2.0,12.5,171.0,O:SPXW191125C03115000,8.19,9.9
2019-11-25,StrongBody_Bull|VeryLow|Micro_2_1.5_5,long_otm_call,LONG,3121.5,3123.5,09:30,09:33,3,profit_target,2.0,12.5,86.0,O:SPXW191125C03125000,2,2.86
2019-11-25,StrongBody_Bull|VeryLow|Micro_2_1.5_5,bull_call_10,LONG,3121.5,3123.5,09:30,09:33,3,profit_target,2.0,12.5,105.0,O:SPXW191125C03120000|O:SPXW191125C03130000,4.6/0.6,6.08/1.03
2019-11-25,StrongBody_Trend|VeryLow|Micro_2_1.5_5,long_call,LONG,3121.5,3123.5,09:30,09:33,3,profit_target,2.0,12.5,148.0,O:SPXW191125C03120000,4.6,6.08
2019-11-25,StrongBody_Trend|VeryLow|Micro_2_1.5_5,long_otm_call,LONG,3121.5,3123.5,09:30,09:33,3,profit_target,2.0,12.5,86.0,O:SPXW191125C03125000,2,2.86
2019-11-25,StrongBody_Trend|VeryLow|Micro_2_1.5_5,bull_call_10,LONG,3121.5,3123.5,09:30,09:33,3,profit_target,2.0,12.5,105.0,O:SPXW191125C03120000|O:SPXW191125C03130000,4.6/0.6,6.08/1.03
2019-12-16,StrongBody_Bull|VeryLow|Micro_2_1.5_5,long_call,LONG,3194.6,3194.9,09:30,09:35,5,time_stop,0.3,12.5,18.0,O:SPXW191216C03195000,2.62,2.8
2019-12-16,StrongBody_Bull|VeryLow|Micro_2_1.5_5,long_itm_call,LONG,3194.6,3194.9,09:30,09:35,5,time_stop,0.3,12.5,21.0,O:SPXW191216C03190000,5,5.21
2019-12-16,StrongBody_Bull|VeryLow|Micro_2_1.5_5,long_otm_call,LONG,3194.6,3194.9,09:30,09:35,5,time_stop,0.3,12.5,-9.0,O:SPXW191216C03200000,1.5,1.41
2019-12-16,StrongBody_Bull|VeryLow|Micro_2_1.5_5,bull_call_10,LONG,3194.6,3194.9,09:30,09:35,5,time_stop,0.3,12.5,21.0,O:SPXW191216C03195000|O:SPXW191216C03205000,2.62/0.78,2.8/0.75
2019-12-16,StrongBody_Trend|VeryLow|Micro_2_1.5_5,long_call,LONG,3194.6,3194.9,09:30,09:35,5,time_stop,0.3,12.5,18.0,O:SPXW191216C03195000,2.62,2.8
2019-12-16,StrongBody_Trend|VeryLow|Micro_2_1.5_5,long_otm_call,LONG,3194.6,3194.9,09:30,09:35,5,time_stop,0.3,12.5,-9.0,O:SPXW191216C03200000,1.5,1.41
2019-12-16,StrongBody_Trend|VeryLow|Micro_2_1.5_5,bull_call_10,LONG,3194.6,3194.9,09:30,09:35,5,time_stop,0.3,12.5,21.0,O:SPXW191216C03195000|O:SPXW191216C03205000,2.62/0.78,2.8/0.75
2019-12-16,TripleBull_BodyTrendPrev|VeryLow|Micro_4_2_8,long_call,LONG,3194.6,3193.3,09:30,09:38,8,time_stop,-1.3,12.5,-55.0,O:SPXW191216C03195000,2.62,2.07
2019-12-16,TripleBull_BodyTrendPrev|VeryLow|Micro_4_2_8,long_otm_call,LONG,3194.6,3193.3,09:30,09:38,8,time_stop,-1.3,12.5,-46.0,O:SPXW191216C03200000,1.5,1.04
2019-12-16,TripleBull_BodyTrendPrev|VeryLow|Micro_4_2_8,bull_call_10,LONG,3194.6,3193.3,09:30,09:38,8,time_stop,-1.3,12.5,-32.0,O:SPXW191216C03195000|O:SPXW191216C03205000,2.62/0.78,2.07/0.55
2019-12-20,StrongBody_Bull|VeryLow|Micro_2_1.5_5,long_call,LONG,3206.2,3208.2,09:30,09:31,1,profit_target,2.0,12.6,200,O:SPXW191220C03205000,13,15
2019-12-20,StrongBody_Bull|VeryLow|Micro_2_1.5_5,long_itm_call,LONG,3206.2,3208.2,09:30,09:31,1,profit_target,2.0,12.6,171.0,O:SPXW191220C03200000,17.29,19
2019-12-20,StrongBody_Bull|VeryLow|Micro_2_1.5_5,long_otm_call,LONG,3206.2,3208.2,09:30,09:31,1,profit_target,2.0,12.6,190.0,O:SPXW191220C03210000,9,10.9
2019-12-20,StrongBody_Bull|VeryLow|Micro_2_1.5_5,bull_call_10,LONG,3206.2,3208.2,09:30,09:31,1,profit_target,2.0,12.6,70.0,O:SPXW191220C03205000|O:SPXW191220C03215000,13/5.8,15/7.1
2019-12-20,StrongBody_Trend|VeryLow|Micro_2_1.5_5,long_call,LONG,3206.2,3208.2,09:30,09:31,1,profit_target,2.0,12.6,200,O:SPXW191220C03205000,13,15
2019-12-20,StrongBody_Trend|VeryLow|Micro_2_1.5_5,long_otm_call,LONG,3206.2,3208.2,09:30,09:31,1,profit_target,2.0,12.6,190.0,O:SPXW191220C03210000,9,10.9
2019-12-20,StrongBody_Trend|VeryLow|Micro_2_1.5_5,bull_call_10,LONG,3206.2,3208.2,09:30,09:31,1,profit_target,2.0,12.6,70.0,O:SPXW191220C03205000|O:SPXW191220C03215000,13/5.8,15/7.1
2019-12-20,StrongBody_PrevBull|Fri|Asym_12_4_20,long_call,LONG,3206.2,3205.9,09:30,09:50,20,time_stop,-0.3,12.6,-14.0,O:SPXW191220C03205000,13,12.86
2019-12-20,StrongBody_PrevBull|Fri|Asym_12_4_20,long_otm_call,LONG,3206.2,3205.9,09:30,09:50,20,time_stop,-0.3,12.6,15.0,O:SPXW191220C03210000,9,9.15
2019-12-20,StrongBody_PrevBull|Fri|Asym_12_4_20,bull_call_10,LONG,3206.2,3205.9,09:30,09:50,20,time_stop,-0.3,12.6,54.0,O:SPXW191220C03205000|O:SPXW191220C03215000,13/5.8,12.86/5.12
2019-12-20,TripleBull_BodyTrendPrev|VeryLow|Micro_4_2_8,long_call,LONG,3206.2,3207.4,09:30,09:38,8,time_stop,1.2,12.6,132.0,O:SPXW191220C03205000,13,14.32
2019-12-20,TripleBull_BodyTrendPrev|VeryLow|Micro_4_2_8,long_otm_call,LONG,3206.2,3207.4,09:30,09:38,8,time_stop,1.2,12.6,130.0,O:SPXW191220C03210000,9,10.3
2019-12-20,TripleBull_BodyTrendPrev|VeryLow|Micro_4_2_8,bull_call_10,LONG,3206.2,3207.4,09:30,09:38,8,time_stop,1.2,12.6,38.0,O:SPXW191220C03205000|O:SPXW191220C03215000,13/5.8,14.32/6.74
2020-01-03,StrongBody_PrevBull|Fri|Asym_12_4_20,long_call,LONG,3216.1,3228.1,09:30,09:43,13,profit_target,12.0,15.0,1052.0,O:SPXW200103C03215000,12.78,23.3
2020-01-03,StrongBody_PrevBull|Fri|Asym_12_4_20,long_otm_call,LONG,3216.1,3228.1,09:30,09:43,13,profit_target,12.0,15.0,1070.0,O:SPXW200103C03220000,9.5,20.2
2020-01-03,StrongBody_PrevBull|Fri|Asym_12_4_20,bull_call_10,LONG,3216.1,3228.1,09:30,09:43,13,profit_target,12.0,15.0,260.0,O:SPXW200103C03215000|O:SPXW200103C03225000,12.78/8.13,23.3/16.05
2020-01-21,TripleBull_BodyTrendPrev|VeryLow|Micro_4_2_8,long_call,LONG,3311.4,3315.4,09:30,09:33,3,profit_target,4.0,13.2,0.0,O:SPXW200121C03310000,12.25,12.25
2020-01-21,TripleBull_BodyTrendPrev|VeryLow|Micro_4_2_8,long_otm_call,LONG,3311.4,3315.4,09:30,09:33,3,profit_target,4.0,13.2,219.0,O:SPXW200121C03315000,7.71,9.9
2020-01-21,TripleBull_BodyTrendPrev|VeryLow|Micro_4_2_8,bull_call_10,LONG,3311.4,3315.4,09:30,09:33,3,profit_target,4.0,13.2,-237.0,O:SPXW200121C03310000|O:SPXW200121C03320000,12.25/4.23,12.25/6.6
2020-09-04,Bull_GapCont|Fri|Std_10_5_15,long_call,LONG,3463.8,3473.8,09:30,09:33,3,profit_target,10.0,34.6,464.0,O:SPXW200904C03465000,17.36,22
2020-09-04,Bull_GapCont|Fri|Std_10_5_15,long_otm_call,LONG,3463.8,3473.8,09:30,09:33,3,profit_target,10.0,34.6,468.0,O:SPXW200904C03470000,14.8,19.48
2020-09-04,Bull_GapCont|Fri|Std_10_5_15,bull_call_5,LONG,3463.8,3473.8,09:30,09:33,3,profit_target,10.0,34.6,-4.0,O:SPXW200904C03465000|O:SPXW200904C03470000,17.36/14.8,22/19.48
2020-09-04,Bull_GapCont|Fri|Std_10_5_15,bull_call_10,LONG,3463.8,3473.8,09:30,09:33,3,profit_target,10.0,34.6,-203.0,O:SPXW200904C03465000|O:SPXW200904C03475000,17.36/10.9,22/17.57
2020-12-04,Bull_GapCont|Fri|Std_10_5_15,long_call,LONG,3674.3,3682.3,09:30,09:45,15,time_stop,8.0,21.1,546.0,O:SPXW201204C03675000,8.14,13.6
2020-12-04,Bull_GapCont|Fri|Std_10_5_15,long_otm_call,LONG,3674.3,3682.3,09:30,09:45,15,time_stop,8.0,21.1,440.0,O:SPXW201204C03680000,5.6,10
2020-12-04,Bull_GapCont|Fri|Std_10_5_15,bull_call_5,LONG,3674.3,3682.3,09:30,09:45,15,time_stop,8.0,21.1,106.0,O:SPXW201204C03675000|O:SPXW201204C03680000,8.14/5.6,13.6/10
2020-12-04,Bull_GapCont|Fri|Std_10_5_15,bull_call_10,LONG,3674.3,3682.3,09:30,09:45,15,time_stop,8.0,21.1,196.0,O:SPXW201204C03675000|O:SPXW201204C03685000,8.14/3.75,13.6/7.25
2021-04-23,Bull_GapCont|Fri|Std_10_5_15,long_call,LONG,4130.4,4133.2,09:30,09:45,15,time_stop,2.8,18.6,220.0,O:SPXW210423C04130000,16.7,18.9
2021-04-23,Bull_GapCont|Fri|Std_10_5_15,long_otm_call,LONG,4130.4,4133.2,09:30,09:45,15,time_stop,2.8,18.6,167.0,O:SPXW210423C04135000,13.33,15
2021-04-23,Bull_GapCont|Fri|Std_10_5_15,bull_call_5,LONG,4130.4,4133.2,09:30,09:45,15,time_stop,2.8,18.6,53.0,O:SPXW210423C04130000|O:SPXW210423C04135000,16.7/13.33,18.9/15
2021-04-23,Bull_GapCont|Fri|Std_10_5_15,bull_call_10,LONG,4130.4,4133.2,09:30,09:45,15,time_stop,2.8,18.6,51.0,O:SPXW210423C04130000|O:SPXW210423C04140000,16.7/10.41,18.9/12.1
2021-06-25,Bull_GapCont|Fri|Std_10_5_15,long_otm_call,LONG,4260.25,4259.3,09:30,09:45,15,time_stop,-0.95,16.0,-221.0,O:SPXW210625C04265000,13.65,11.44
2021-08-06,Bull_GapCont|Fri|Std_10_5_15,long_call,LONG,4422.3,4425.4,09:30,09:45,15,time_stop,3.1,17.5,299.0,O:SPXW210806C04420000,15.69,18.68
2021-08-06,Bull_GapCont|Fri|Std_10_5_15,long_otm_call,LONG,4422.3,4425.4,09:30,09:45,15,time_stop,3.1,17.5,271.0,O:SPXW210806C04425000,11.43,14.14
2021-08-06,Bull_GapCont|Fri|Std_10_5_15,bull_call_5,LONG,4422.3,4425.4,09:30,09:45,15,time_stop,3.1,17.5,28.0,O:SPXW210806C04420000|O:SPXW210806C04425000,15.69/11.43,18.68/14.14
2021-08-06,Bull_GapCont|Fri|Std_10_5_15,bull_call_10,LONG,4422.3,4425.4,09:30,09:45,15,time_stop,3.1,17.5,109.0,O:SPXW210806C04420000|O:SPXW210806C04430000,15.69/8.2,18.68/10.1
2021-08-27,Bull_GapCont|Fri|Std_10_5_15,long_call,LONG,4473.5,4476.9,09:30,09:45,15,time_stop,3.4,17.9,181.0,O:SPXW210827C04475000,14.39,16.2
2021-08-27,Bull_GapCont|Fri|Std_10_5_15,long_otm_call,LONG,4473.5,4476.9,09:30,09:45,15,time_stop,3.4,17.9,160.0,O:SPXW210827C04480000,11.4,13
2021-08-27,Bull_GapCont|Fri|Std_10_5_15,bull_call_5,LONG,4473.5,4476.9,09:30,09:45,15,time_stop,3.4,17.9,21.0,O:SPXW210827C04475000|O:SPXW210827C04480000,14.39/11.4,16.2/13
2021-08-27,Bull_GapCont|Fri|Std_10_5_15,bull_call_10,LONG,4473.5,4476.9,09:30,09:45,15,time_stop,3.4,17.9,6.0,O:SPXW210827C04475000|O:SPXW210827C04485000,14.39/8.15,16.2/9.9
2022-02-18,Bull_GapCont|Fri|Std_10_5_15,long_call,LONG,4377.5,4372.5,09:30,09:33,3,stop_loss,-5.0,26.7,-140.0,O:SPXW220218C04380000,24,22.6
2022-02-18,Bull_GapCont|Fri|Std_10_5_15,long_otm_call,LONG,4377.5,4372.5,09:30,09:33,3,stop_loss,-5.0,26.7,-131.0,O:SPXW220218C04385000,21.3,19.99
2022-02-18,Bull_GapCont|Fri|Std_10_5_15,bull_call_5,LONG,4377.5,4372.5,09:30,09:33,3,stop_loss,-5.0,26.7,-9.0,O:SPXW220218C04380000|O:SPXW220218C04385000,24/21.3,22.6/19.99
2022-02-18,Bull_GapCont|Fri|Std_10_5_15,bull_call_10,LONG,4377.5,4372.5,09:30,09:33,3,stop_loss,-5.0,26.7,-175.0,O:SPXW220218C04380000|O:SPXW220218C04390000,24/17.35,22.6/17.7
2022-12-09,StrongBody_PrevBull|Fri|Asym_12_4_20,long_call,LONG,3952.8,3948.8,09:30,09:31,1,stop_loss,-4.0,22.6,-283.0,O:SPXW221209C03955000,15.2,12.37
2022-12-09,StrongBody_PrevBull|Fri|Asym_12_4_20,long_otm_call,LONG,3952.8,3948.8,09:30,09:31,1,stop_loss,-4.0,22.6,-260.0,O:SPXW221209C03960000,12.8,10.2
2022-12-09,StrongBody_PrevBull|Fri|Asym_12_4_20,bull_call_10,LONG,3952.8,3948.8,09:30,09:31,1,stop_loss,-4.0,22.6,-53.0,O:SPXW221209C03955000|O:SPXW221209C03965000,15.2/10.8,12.37/8.5
2023-01-13,StrongBody_PrevBull|Fri|Asym_12_4_20,long_call,LONG,3940.9,3936.9,09:30,09:33,3,stop_loss,-4.0,19.0,7.0,O:SPXW230113C03940000,22.63,22.7
2023-01-13,StrongBody_PrevBull|Fri|Asym_12_4_20,long_otm_call,LONG,3940.9,3936.9,09:30,09:33,3,stop_loss,-4.0,19.0,44.0,O:SPXW230113C03945000,19.66,20.1
2023-01-13,StrongBody_PrevBull|Fri|Asym_12_4_20,bull_call_10,LONG,3940.9,3936.9,09:30,09:33,3,stop_loss,-4.0,19.0,83.0,O:SPXW230113C03940000|O:SPXW230113C03950000,22.63/16.9,22.7/16.14
2023-03-31,Bull_GapCont|Fri|Std_10_5_15,long_call,LONG,4063.25,4068.79,09:30,09:45,15,time_stop,5.54,19.3,263.0,O:SPXW230331C04065000,8.3,10.93
2023-03-31,Bull_GapCont|Fri|Std_10_5_15,long_otm_call,LONG,4063.25,4068.79,09:30,09:45,15,time_stop,5.54,19.3,188.0,O:SPXW230331C04070000,6.16,8.04
2023-03-31,Bull_GapCont|Fri|Std_10_5_15,bull_call_5,LONG,4063.25,4068.79,09:30,09:45,15,time_stop,5.54,19.3,75.0,O:SPXW230331C04065000|O:SPXW230331C04070000,8.3/6.16,10.93/8.04
2023-03-31,Bull_GapCont|Fri|Std_10_5_15,bull_call_10,LONG,4063.25,4068.79,09:30,09:45,15,time_stop,5.54,19.3,129.0,O:SPXW230331C04065000|O:SPXW230331C04075000,8.3/4.46,10.93/5.8
2023-03-31,StrongBody_PrevBull|Fri|Asym_12_4_20,long_call,LONG,4063.25,4071.01,09:30,09:50,20,time_stop,7.76,19.3,390.0,O:SPXW230331C04065000,8.3,12.2
2023-03-31,StrongBody_PrevBull|Fri|Asym_12_4_20,long_otm_call,LONG,4063.25,4071.01,09:30,09:50,20,time_stop,7.76,19.3,324.0,O:SPXW230331C04070000,6.16,9.4
2023-03-31,StrongBody_PrevBull|Fri|Asym_12_4_20,bull_call_10,LONG,4063.25,4071.01,09:30,09:50,20,time_stop,7.76,19.3,156.0,O:SPXW230331C04065000|O:SPXW230331C04075000,8.3/4.46,12.2/6.8
2023-05-12,Bull_GapCont|Fri|Std_10_5_15,long_call,LONG,4141.23,4142.68,09:30,09:45,15,time_stop,1.45,16.6,43.0,O:SPXW230512C04140000,10.27,10.7
2023-05-12,Bull_GapCont|Fri|Std_10_5_15,long_otm_call,LONG,4141.23,4142.68,09:30,09:45,15,time_stop,1.45,16.6,20.0,O:SPXW230512C04145000,7.7,7.9
2023-05-12,Bull_GapCont|Fri|Std_10_5_15,bull_call_5,LONG,4141.23,4142.68,09:30,09:45,15,time_stop,1.45,16.6,23.0,O:SPXW230512C04140000|O:SPXW230512C04145000,10.27/7.7,10.7/7.9
2023-05-12,Bull_GapCont|Fri|Std_10_5_15,bull_call_10,LONG,4141.23,4142.68,09:30,09:45,15,time_stop,1.45,16.6,43.0,O:SPXW230512C04140000|O:SPXW230512C04150000,10.27/5.6,10.7/5.6
2023-05-19,Bull_GapCont|Fri|Std_10_5_15,long_call,LONG,4206.79,4210.21,09:30,09:45,15,time_stop,3.42,16.1,242.0,O:SPXW230519C04205000,11.28,13.7
2023-05-19,Bull_GapCont|Fri|Std_10_5_15,long_otm_call,LONG,4206.79,4210.21,09:30,09:45,15,time_stop,3.42,16.1,240.0,O:SPXW230519C04210000,8.4,10.8
2023-05-19,Bull_GapCont|Fri|Std_10_5_15,bull_call_5,LONG,4206.79,4210.21,09:30,09:45,15,time_stop,3.42,16.1,2.0,O:SPXW230519C04205000|O:SPXW230519C04210000,11.28/8.4,13.7/10.8
2023-05-19,Bull_GapCont|Fri|Std_10_5_15,bull_call_10,LONG,4206.79,4210.21,09:30,09:45,15,time_stop,3.42,16.1,52.0,O:SPXW230519C04205000|O:SPXW230519C04215000,11.28/6.4,13.7/8.3
2023-05-19,StrongBody_PrevBull|Fri|Asym_12_4_20,long_call,LONG,4206.79,4208.67,09:30,09:50,20,time_stop,1.88,16.1,146.0,O:SPXW230519C04205000,11.28,12.74
2023-05-19,StrongBody_PrevBull|Fri|Asym_12_4_20,long_otm_call,LONG,4206.79,4208.67,09:30,09:50,20,time_stop,1.88,16.1,160.0,O:SPXW230519C04210000,8.4,10
2023-05-19,StrongBody_PrevBull|Fri|Asym_12_4_20,bull_call_10,LONG,4206.79,4208.67,09:30,09:50,20,time_stop,1.88,16.1,6.0,O:SPXW230519C04205000|O:SPXW230519C04215000,11.28/6.4,12.74/7.8
2023-05-26,Bull_GapCont|Fri|Std_10_5_15,long_call,LONG,4160.48,4170.48,09:30,09:40,10,profit_target,10.0,19.2,620.0,O:SPXW230526C04160000,12.5,18.7
2023-05-26,Bull_GapCont|Fri|Std_10_5_15,long_otm_call,LONG,4160.48,4170.48,09:30,09:40,10,profit_target,10.0,19.2,522.0,O:SPXW230526C04165000,10.08,15.3
2023-05-26,Bull_GapCont|Fri|Std_10_5_15,bull_call_5,LONG,4160.48,4170.48,09:30,09:40,10,profit_target,10.0,19.2,98.0,O:SPXW230526C04160000|O:SPXW230526C04165000,12.5/10.08,18.7/15.3
2023-05-26,Bull_GapCont|Fri|Std_10_5_15,bull_call_10,LONG,4160.48,4170.48,09:30,09:40,10,profit_target,10.0,19.2,150.0,O:SPXW230526C04160000|O:SPXW230526C04170000,12.5/8,18.7/12.7
2023-06-02,StrongBody_PrevBull|Fri|Asym_12_4_20,long_call,LONG,4254.22,4266.22,09:30,09:42,12,profit_target,12.0,15.6,750.0,O:SPXW230602C04255000,9.5,17
2023-06-02,StrongBody_PrevBull|Fri|Asym_12_4_20,long_otm_call,LONG,4254.22,4266.22,09:30,09:42,12,profit_target,12.0,15.6,650.0,O:SPXW230602C04260000,7.2,13.7
2023-06-02,StrongBody_PrevBull|Fri|Asym_12_4_20,bull_call_10,LONG,4254.22,4266.22,09:30,09:42,12,profit_target,12.0,15.6,220.0,O:SPXW230602C04255000|O:SPXW230602C04265000,9.5/5.5,17/10.8
2023-06-30,StrongBody_Bull|VeryLow|Micro_2_1.5_5,long_call,LONG,4427.55,4429.55,09:30,09:31,1,profit_target,2.0,13.5,113.0,O:SPXW230630C04430000,8.07,9.2
2023-06-30,StrongBody_Bull|VeryLow|Micro_2_1.5_5,long_itm_call,LONG,4427.55,4429.55,09:30,09:31,1,profit_target,2.0,13.5,149.0,O:SPXW230630C04425000,10.67,12.16
2023-06-30,StrongBody_Bull|VeryLow|Micro_2_1.5_5,long_otm_call,LONG,4427.55,4429.55,09:30,09:31,1,profit_target,2.0,13.5,109.0,O:SPXW230630C04435000,5.92,7.01
2023-06-30,StrongBody_Bull|VeryLow|Micro_2_1.5_5,bull_call_10,LONG,4427.55,4429.55,09:30,09:31,1,profit_target,2.0,13.5,36.0,O:SPXW230630C04430000|O:SPXW230630C04440000,8.07/4.23,9.2/5
2023-06-30,StrongBody_Trend|VeryLow|Micro_2_1.5_5,long_call,LONG,4427.55,4429.55,09:30,09:31,1,profit_target,2.0,13.5,113.0,O:SPXW230630C04430000,8.07,9.2
2023-06-30,StrongBody_Trend|VeryLow|Micro_2_1.5_5,long_otm_call,LONG,4427.55,4429.55,09:30,09:31,1,profit_target,2.0,13.5,109.0,O:SPXW230630C04435000,5.92,7.01
2023-06-30,StrongBody_Trend|VeryLow|Micro_2_1.5_5,bull_call_10,LONG,4427.55,4429.55,09:30,09:31,1,profit_target,2.0,13.5,36.0,O:SPXW230630C04430000|O:SPXW230630C04440000,8.07/4.23,9.2/5
2023-06-30,StrongBody_PrevBull|Fri|Asym_12_4_20,long_call,LONG,4427.55,4439.55,09:30,09:48,18,profit_target,12.0,13.5,813.0,O:SPXW230630C04430000,8.07,16.2
2023-06-30,StrongBody_PrevBull|Fri|Asym_12_4_20,long_otm_call,LONG,4427.55,4439.55,09:30,09:48,18,profit_target,12.0,13.5,688.0,O:SPXW230630C04435000,5.92,12.8
2023-06-30,StrongBody_PrevBull|Fri|Asym_12_4_20,bull_call_10,LONG,4427.55,4439.55,09:30,09:48,18,profit_target,12.0,13.5,230.0,O:SPXW230630C04430000|O:SPXW230630C04440000,8.07/4.23,16.2/10.06
2023-06-30,TripleBull_BodyTrendPrev|VeryLow|Micro_4_2_8,long_call,LONG,4427.55,4431.55,09:30,09:32,2,profit_target,4.0,13.5,293.0,O:SPXW230630C04430000,8.07,11
2023-06-30,TripleBull_BodyTrendPrev|VeryLow|Micro_4_2_8,long_otm_call,LONG,4427.55,4431.55,09:30,09:32,2,profit_target,4.0,13.5,238.0,O:SPXW230630C04435000,5.92,8.3
2023-06-30,TripleBull_BodyTrendPrev|VeryLow|Micro_4_2_8,bull_call_10,LONG,4427.55,4431.55,09:30,09:32,2,profit_target,4.0,13.5,86.0,O:SPXW230630C04430000|O:SPXW230630C04440000,8.07/4.23,11/6.3
2023-07-14,Bull_GapCont|Fri|Std_10_5_15,long_call,LONG,4519.51,4520.68,09:30,09:45,15,time_stop,1.17,13.8,26.0,O:SPXW230714C04520000,7.94,8.2
2023-07-14,Bull_GapCont|Fri|Std_10_5_15,long_otm_call,LONG,4519.51,4520.68,09:30,09:45,15,time_stop,1.17,13.8,0.0,O:SPXW230714C04525000,5.8,5.8
2023-07-14,Bull_GapCont|Fri|Std_10_5_15,bull_call_5,LONG,4519.51,4520.68,09:30,09:45,15,time_stop,1.17,13.8,26.0,O:SPXW230714C04520000|O:SPXW230714C04525000,7.94/5.8,8.2/5.8
2023-07-14,Bull_GapCont|Fri|Std_10_5_15,bull_call_10,LONG,4519.51,4520.68,09:30,09:45,15,time_stop,1.17,13.8,38.0,O:SPXW230714C04520000|O:SPXW230714C04530000,7.94/4.12,8.2/4
2023-07-19,StrongBody_Bull|VeryLow|Micro_2_1.5_5,long_call,LONG,4568.59,4570.59,09:30,09:31,1,profit_target,2.0,13.3,101.0,O:SPXW230719C04570000,7.59,8.6
2023-07-19,StrongBody_Bull|VeryLow|Micro_2_1.5_5,long_itm_call,LONG,4568.59,4570.59,09:30,09:31,1,profit_target,2.0,13.3,120.0,O:SPXW230719C04565000,10.2,11.4
2023-07-19,StrongBody_Bull|VeryLow|Micro_2_1.5_5,long_otm_call,LONG,4568.59,4570.59,09:30,09:31,1,profit_target,2.0,13.3,80.0,O:SPXW230719C04575000,5.6,6.4
2023-07-19,StrongBody_Bull|VeryLow|Micro_2_1.5_5,bull_call_10,LONG,4568.59,4570.59,09:30,09:31,1,profit_target,2.0,13.3,41.0,O:SPXW230719C04570000|O:SPXW230719C04580000,7.59/4,8.6/4.6
2023-07-19,StrongBody_Trend|VeryLow|Micro_2_1.5_5,long_call,LONG,4568.59,4570.59,09:30,09:31,1,profit_target,2.0,13.3,101.0,O:SPXW230719C04570000,7.59,8.6
2023-07-19,StrongBody_Trend|VeryLow|Micro_2_1.5_5,long_otm_call,LONG,4568.59,4570.59,09:30,09:31,1,profit_target,2.0,13.3,80.0,O:SPXW230719C04575000,5.6,6.4
2023-07-19,StrongBody_Trend|VeryLow|Micro_2_1.5_5,bull_call_10,LONG,4568.59,4570.59,09:30,09:31,1,profit_target,2.0,13.3,41.0,O:SPXW230719C04570000|O:SPXW230719C04580000,7.59/4,8.6/4.6
2023-07-19,TripleBull_BodyTrendPrev|VeryLow|Micro_4_2_8,long_call,LONG,4568.59,4572.59,09:30,09:32,2,profit_target,4.0,13.3,121.0,O:SPXW230719C04570000,7.59,8.8
2023-07-19,TripleBull_BodyTrendPrev|VeryLow|Micro_4_2_8,long_otm_call,LONG,4568.59,4572.59,09:30,09:32,2,profit_target,4.0,13.3,100.0,O:SPXW230719C04575000,5.6,6.6
2023-07-19,TripleBull_BodyTrendPrev|VeryLow|Micro_4_2_8,bull_call_10,LONG,4568.59,4572.59,09:30,09:32,2,profit_target,4.0,13.3,54.0,O:SPXW230719C04570000|O:SPXW230719C04580000,7.59/4,8.8/4.67
2023-07-28,StrongBody_Bull|VeryLow|Micro_2_1.5_5,long_call,LONG,4571.43,4573.43,09:30,09:31,1,profit_target,2.0,14.0,-66.0,O:SPXW230728C04570000,10.13,9.47
2023-07-28,StrongBody_Bull|VeryLow|Micro_2_1.5_5,long_itm_call,LONG,4571.43,4573.43,09:30,09:31,1,profit_target,2.0,14.0,-68.0,O:SPXW230728C04565000,13.3,12.62
2023-07-28,StrongBody_Bull|VeryLow|Micro_2_1.5_5,long_otm_call,LONG,4571.43,4573.43,09:30,09:31,1,profit_target,2.0,14.0,-70.0,O:SPXW230728C04575000,7.5,6.8
2023-07-28,StrongBody_Bull|VeryLow|Micro_2_1.5_5,bull_call_10,LONG,4571.43,4573.43,09:30,09:31,1,profit_target,2.0,14.0,4.0,O:SPXW230728C04570000|O:SPXW230728C04580000,10.13/5.5,9.47/4.8
2023-07-28,StrongBody_Trend|VeryLow|Micro_2_1.5_5,long_call,LONG,4571.43,4573.43,09:30,09:31,1,profit_target,2.0,14.0,-66.0,O:SPXW230728C04570000,10.13,9.47
2023-07-28,StrongBody_Trend|VeryLow|Micro_2_1.5_5,long_otm_call,LONG,4571.43,4573.43,09:30,09:31,1,profit_target,2.0,14.0,-70.0,O:SPXW230728C04575000,7.5,6.8
2023-07-28,StrongBody_Trend|VeryLow|Micro_2_1.5_5,bull_call_10,LONG,4571.43,4573.43,09:30,09:31,1,profit_target,2.0,14.0,4.0,O:SPXW230728C04570000|O:SPXW230728C04580000,10.13/5.5,9.47/4.8
2023-08-04,Bull_GapCont|Fri|Std_10_5_15,long_call,LONG,4516.0,4526.0,09:30,09:34,4,profit_target,10.0,15.9,500.0,O:SPXW230804C04515000,12.6,17.6
2023-08-04,Bull_GapCont|Fri|Std_10_5_15,long_otm_call,LONG,4516.0,4526.0,09:30,09:34,4,profit_target,10.0,15.9,440.0,O:SPXW230804C04520000,9.7,14.1
2023-08-04,Bull_GapCont|Fri|Std_10_5_15,bull_call_5,LONG,4516.0,4526.0,09:30,09:34,4,profit_target,10.0,15.9,60.0,O:SPXW230804C04515000|O:SPXW230804C04520000,12.6/9.7,17.6/14.1
2023-08-04,Bull_GapCont|Fri|Std_10_5_15,bull_call_10,LONG,4516.0,4526.0,09:30,09:34,4,profit_target,10.0,15.9,140.0,O:SPXW230804C04515000|O:SPXW230804C04525000,12.6/7.5,17.6/11.1
2023-08-25,Bull_GapCont|Fri|Std_10_5_15,long_call,LONG,4394.62,4397.88,09:30,09:45,15,time_stop,3.26,17.2,169.0,O:SPXW230825C04395000,16.61,18.3
2023-08-25,Bull_GapCont|Fri|Std_10_5_15,long_otm_call,LONG,4394.62,4397.88,09:30,09:45,15,time_stop,3.26,17.2,162.0,O:SPXW230825C04400000,14.08,15.7
2023-08-25,Bull_GapCont|Fri|Std_10_5_15,bull_call_5,LONG,4394.62,4397.88,09:30,09:45,15,time_stop,3.26,17.2,7.0,O:SPXW230825C04395000|O:SPXW230825C04400000,16.61/14.08,18.3/15.7
2023-08-25,Bull_GapCont|Fri|Std_10_5_15,bull_call_10,LONG,4394.62,4397.88,09:30,09:45,15,time_stop,3.26,17.2,39.0,O:SPXW230825C04395000|O:SPXW230825C04405000,16.61/12.1,18.3/13.4
2023-08-31,StrongBody_Bull|VeryLow|Micro_2_1.5_5,long_call,LONG,4522.7,4524.7,09:30,09:33,3,profit_target,2.0,13.9,222.0,O:SPXW230831C04525000,9.3,11.52
2023-08-31,StrongBody_Bull|VeryLow|Micro_2_1.5_5,long_itm_call,LONG,4522.7,4524.7,09:30,09:33,3,profit_target,2.0,13.9,250.0,O:SPXW230831C04520000,11.9,14.4
2023-08-31,StrongBody_Bull|VeryLow|Micro_2_1.5_5,long_otm_call,LONG,4522.7,4524.7,09:30,09:33,3,profit_target,2.0,13.9,204.0,O:SPXW230831C04530000,6.96,9
2023-08-31,StrongBody_Bull|VeryLow|Micro_2_1.5_5,bull_call_10,LONG,4522.7,4524.7,09:30,09:33,3,profit_target,2.0,13.9,52.0,O:SPXW230831C04525000|O:SPXW230831C04535000,9.3/5.2,11.52/6.9
2023-08-31,StrongBody_Trend|VeryLow|Micro_2_1.5_5,long_call,LONG,4522.7,4524.7,09:30,09:33,3,profit_target,2.0,13.9,222.0,O:SPXW230831C04525000,9.3,11.52
2023-08-31,StrongBody_Trend|VeryLow|Micro_2_1.5_5,long_otm_call,LONG,4522.7,4524.7,09:30,09:33,3,profit_target,2.0,13.9,204.0,O:SPXW230831C04530000,6.96,9
2023-08-31,StrongBody_Trend|VeryLow|Micro_2_1.5_5,bull_call_10,LONG,4522.7,4524.7,09:30,09:33,3,profit_target,2.0,13.9,52.0,O:SPXW230831C04525000|O:SPXW230831C04535000,9.3/5.2,11.52/6.9
2023-08-31,TripleBull_BodyTrendPrev|VeryLow|Micro_4_2_8,long_call,LONG,4522.7,4525.25,09:30,09:38,8,time_stop,2.55,13.9,160.0,O:SPXW230831C04525000,9.3,10.9
2023-08-31,TripleBull_BodyTrendPrev|VeryLow|Micro_4_2_8,long_otm_call,LONG,4522.7,4525.25,09:30,09:38,8,time_stop,2.55,13.9,154.0,O:SPXW230831C04530000,6.96,8.5
2023-08-31,TripleBull_BodyTrendPrev|VeryLow|Micro_4_2_8,bull_call_10,LONG,4522.7,4525.25,09:30,09:38,8,time_stop,2.55,13.9,40.0,O:SPXW230831C04525000|O:SPXW230831C04535000,9.3/5.2,10.9/6.4
2023-09-01,StrongBody_Bull|VeryLow|Micro_2_1.5_5,long_call,LONG,4535.86,4537.86,09:30,09:31,1,profit_target,2.0,13.5,-11.0,O:SPXW230901C04535000,11.54,11.43
2023-09-01,StrongBody_Bull|VeryLow|Micro_2_1.5_5,long_itm_call,LONG,4535.86,4537.86,09:30,09:31,1,profit_target,2.0,13.5,30.0,O:SPXW230901C04530000,14.4,14.7
2023-09-01,StrongBody_Bull|VeryLow|Micro_2_1.5_5,long_otm_call,LONG,4535.86,4537.86,09:30,09:31,1,profit_target,2.0,13.5,-2.0,O:SPXW230901C04540000,8.9,8.88
2023-09-01,StrongBody_Bull|VeryLow|Micro_2_1.5_5,bull_call_10,LONG,4535.86,4537.86,09:30,09:31,1,profit_target,2.0,13.5,-23.0,O:SPXW230901C04535000|O:SPXW230901C04545000,11.54/6.8,11.43/6.92
2023-09-01,StrongBody_Trend|VeryLow|Micro_2_1.5_5,long_call,LONG,4535.86,4537.86,09:30,09:31,1,profit_target,2.0,13.5,-11.0,O:SPXW230901C04535000,11.54,11.43
2023-09-01,StrongBody_Trend|VeryLow|Micro_2_1.5_5,long_otm_call,LONG,4535.86,4537.86,09:30,09:31,1,profit_target,2.0,13.5,-2.0,O:SPXW230901C04540000,8.9,8.88
2023-09-01,StrongBody_Trend|VeryLow|Micro_2_1.5_5,bull_call_10,LONG,4535.86,4537.86,09:30,09:31,1,profit_target,2.0,13.5,-23.0,O:SPXW230901C04535000|O:SPXW230901C04545000,11.54/6.8,11.43/6.92
2023-09-08,StrongBody_PrevBull|Fri|Asym_12_4_20,long_call,LONG,4455.46,4463.16,09:30,09:50,20,time_stop,7.7,14.3,325.0,O:SPXW230908C04455000,10.8,14.05
2023-09-08,StrongBody_PrevBull|Fri|Asym_12_4_20,long_otm_call,LONG,4455.46,4463.16,09:30,09:50,20,time_stop,7.7,14.3,290.0,O:SPXW230908C04460000,8.2,11.1
2023-09-08,StrongBody_PrevBull|Fri|Asym_12_4_20,bull_call_10,LONG,4455.46,4463.16,09:30,09:50,20,time_stop,7.7,14.3,105.0,O:SPXW230908C04455000|O:SPXW230908C04465000,10.8/6.2,14.05/8.4
2023-10-13,Bull_GapCont|Fri|Std_10_5_15,long_call,LONG,4369.75,4368.36,09:30,09:45,15,time_stop,-1.39,16.6,-85.0,O:SPXW231013C04370000,12.2,11.35
2023-10-13,Bull_GapCont|Fri|Std_10_5_15,long_otm_call,LONG,4369.75,4368.36,09:30,09:45,15,time_stop,-1.39,16.6,-100,O:SPXW231013C04375000,10,9
2023-10-13,Bull_GapCont|Fri|Std_10_5_15,bull_call_5,LONG,4369.75,4368.36,09:30,09:45,15,time_stop,-1.39,16.6,15.0,O:SPXW231013C04370000|O:SPXW231013C04375000,12.2/10,11.35/9
2023-10-13,Bull_GapCont|Fri|Std_10_5_15,bull_call_10,LONG,4369.75,4368.36,09:30,09:45,15,time_stop,-1.39,16.6,-15.0,O:SPXW231013C04370000|O:SPXW231013C04380000,12.2/7.6,11.35/6.9
2023-11-03,StrongBody_PrevBull|Fri|Asym_12_4_20,long_call,LONG,4340.31,4352.31,09:30,09:43,13,profit_target,12.0,15.7,-124.0,O:SPXW231103C04340000,15.6,14.36
2023-11-03,StrongBody_PrevBull|Fri|Asym_12_4_20,long_otm_call,LONG,4340.31,4352.31,09:30,09:43,13,profit_target,12.0,15.7,-125.0,O:SPXW231103C04345000,12.8,11.55
2023-11-03,StrongBody_PrevBull|Fri|Asym_12_4_20,bull_call_10,LONG,4340.31,4352.31,09:30,09:43,13,profit_target,12.0,15.7,-24.0,O:SPXW231103C04340000|O:SPXW231103C04350000,15.6/9.9,14.36/8.9
2023-11-22,StrongBody_Bull|VeryLow|Micro_2_1.5_5,long_call,LONG,4557.83,4559.83,09:30,09:32,2,profit_target,2.0,13.1,130.0,O:SPXW231122C04560000,7.6,8.9
2023-11-22,StrongBody_Bull|VeryLow|Micro_2_1.5_5,long_itm_call,LONG,4557.83,4559.83,09:30,09:32,2,profit_target,2.0,13.1,140.0,O:SPXW231122C04555000,10.5,11.9
2023-11-22,StrongBody_Bull|VeryLow|Micro_2_1.5_5,long_otm_call,LONG,4557.83,4559.83,09:30,09:32,2,profit_target,2.0,13.1,90.0,O:SPXW231122C04565000,5.5,6.4
2023-11-22,StrongBody_Bull|VeryLow|Micro_2_1.5_5,bull_call_10,LONG,4557.83,4559.83,09:30,09:32,2,profit_target,2.0,13.1,65.0,O:SPXW231122C04560000|O:SPXW231122C04570000,7.6/3.82,8.9/4.47
2023-11-22,StrongBody_Trend|VeryLow|Micro_2_1.5_5,long_call,LONG,4557.83,4559.83,09:30,09:32,2,profit_target,2.0,13.1,130.0,O:SPXW231122C04560000,7.6,8.9
2023-11-22,StrongBody_Trend|VeryLow|Micro_2_1.5_5,long_otm_call,LONG,4557.83,4559.83,09:30,09:32,2,profit_target,2.0,13.1,90.0,O:SPXW231122C04565000,5.5,6.4
2023-11-22,StrongBody_Trend|VeryLow|Micro_2_1.5_5,bull_call_10,LONG,4557.83,4559.83,09:30,09:32,2,profit_target,2.0,13.1,65.0,O:SPXW231122C04560000|O:SPXW231122C04570000,7.6/3.82,8.9/4.47
2023-11-29,StrongBody_Bull|VeryLow|Micro_2_1.5_5,long_call,LONG,4575.78,4577.78,09:30,09:31,1,profit_target,2.0,12.7,130.0,O:SPXW231129C04575000,8.8,10.1
2023-11-29,StrongBody_Bull|VeryLow|Micro_2_1.5_5,long_itm_call,LONG,4575.78,4577.78,09:30,09:31,1,profit_target,2.0,12.7,136.0,O:SPXW231129C04570000,11.9,13.26
2023-11-29,StrongBody_Bull|VeryLow|Micro_2_1.5_5,long_otm_call,LONG,4575.78,4577.78,09:30,09:31,1,profit_target,2.0,12.7,100.0,O:SPXW231129C04580000,6.2,7.2
2023-11-29,StrongBody_Bull|VeryLow|Micro_2_1.5_5,bull_call_10,LONG,4575.78,4577.78,09:30,09:31,1,profit_target,2.0,12.7,48.0,O:SPXW231129C04575000|O:SPXW231129C04585000,8.8/4.23,10.1/5.05
2023-11-29,StrongBody_Trend|VeryLow|Micro_2_1.5_5,long_call,LONG,4575.78,4577.78,09:30,09:31,1,profit_target,2.0,12.7,130.0,O:SPXW231129C04575000,8.8,10.1
2023-11-29,StrongBody_Trend|VeryLow|Micro_2_1.5_5,long_otm_call,LONG,4575.78,4577.78,09:30,09:31,1,profit_target,2.0,12.7,100.0,O:SPXW231129C04580000,6.2,7.2
2023-11-29,StrongBody_Trend|VeryLow|Micro_2_1.5_5,bull_call_10,LONG,4575.78,4577.78,09:30,09:31,1,profit_target,2.0,12.7,48.0,O:SPXW231129C04575000|O:SPXW231129C04585000,8.8/4.23,10.1/5.05
2023-11-30,StrongBody_Bull|VeryLow|Micro_2_1.5_5,long_call,LONG,4557.15,4559.15,09:30,09:31,1,profit_target,2.0,13.1,140.0,O:SPXW231130C04555000,10.7,12.1
2023-11-30,StrongBody_Bull|VeryLow|Micro_2_1.5_5,long_itm_call,LONG,4557.15,4559.15,09:30,09:31,1,profit_target,2.0,13.1,130.0,O:SPXW231130C04550000,14,15.3
2023-11-30,StrongBody_Bull|VeryLow|Micro_2_1.5_5,long_otm_call,LONG,4557.15,4559.15,09:30,09:31,1,profit_target,2.0,13.1,110.0,O:SPXW231130C04560000,8.1,9.2
2023-11-30,StrongBody_Bull|VeryLow|Micro_2_1.5_5,bull_call_10,LONG,4557.15,4559.15,09:30,09:31,1,profit_target,2.0,13.1,50.0,O:SPXW231130C04555000|O:SPXW231130C04565000,10.7/5.9,12.1/6.8
2023-11-30,StrongBody_Trend|VeryLow|Micro_2_1.5_5,long_call,LONG,4557.15,4559.15,09:30,09:31,1,profit_target,2.0,13.1,140.0,O:SPXW231130C04555000,10.7,12.1
2023-11-30,StrongBody_Trend|VeryLow|Micro_2_1.5_5,long_otm_call,LONG,4557.15,4559.15,09:30,09:31,1,profit_target,2.0,13.1,110.0,O:SPXW231130C04560000,8.1,9.2
2023-11-30,StrongBody_Trend|VeryLow|Micro_2_1.5_5,bull_call_10,LONG,4557.15,4559.15,09:30,09:31,1,profit_target,2.0,13.1,50.0,O:SPXW231130C04555000|O:SPXW231130C04565000,10.7/5.9,12.1/6.8
2023-11-30,TripleBull_BodyTrendPrev|VeryLow|Micro_4_2_8,long_call,LONG,4557.15,4555.15,09:30,09:34,4,stop_loss,-2.0,13.1,-138.0,O:SPXW231130C04555000,10.7,9.32
2023-11-30,TripleBull_BodyTrendPrev|VeryLow|Micro_4_2_8,long_otm_call,LONG,4557.15,4555.15,09:30,09:34,4,stop_loss,-2.0,13.1,-120.0,O:SPXW231130C04560000,8.1,6.9
2023-11-30,TripleBull_BodyTrendPrev|VeryLow|Micro_4_2_8,bull_call_10,LONG,4557.15,4555.15,09:30,09:34,4,stop_loss,-2.0,13.1,-23.0,O:SPXW231130C04555000|O:SPXW231130C04565000,10.7/5.9,9.32/4.75
2023-12-07,StrongBody_Bull|VeryLow|Micro_2_1.5_5,long_itm_call,LONG,4572.66,4574.66,09:30,09:31,1,profit_target,2.0,13.2,50.0,O:SPXW231207C04570000,9.3,9.8
2023-12-07,StrongBody_Bull|VeryLow|Micro_2_1.5_5,long_otm_call,LONG,4572.66,4574.66,09:30,09:31,1,profit_target,2.0,13.2,40.0,O:SPXW231207C04580000,4.6,5
2023-12-07,StrongBody_Trend|VeryLow|Micro_2_1.5_5,long_otm_call,LONG,4572.66,4574.66,09:30,09:31,1,profit_target,2.0,13.2,40.0,O:SPXW231207C04580000,4.6,5
2023-12-14,StrongBody_Bull|VeryLow|Micro_2_1.5_5,long_call,LONG,4729.62,4731.62,09:30,09:31,1,profit_target,2.0,12.0,210.0,O:SPXW231214C04730000,11.7,13.8
2023-12-14,StrongBody_Bull|VeryLow|Micro_2_1.5_5,long_itm_call,LONG,4729.62,4731.62,09:30,09:31,1,profit_target,2.0,12.0,270.0,O:SPXW231214C04725000,14.1,16.8
2023-12-14,StrongBody_Bull|VeryLow|Micro_2_1.5_5,long_otm_call,LONG,4729.62,4731.62,09:30,09:31,1,profit_target,2.0,12.0,180.0,O:SPXW231214C04735000,9.2,11
2023-12-14,StrongBody_Bull|VeryLow|Micro_2_1.5_5,bull_call_10,LONG,4729.62,4731.62,09:30,09:31,1,profit_target,2.0,12.0,51.0,O:SPXW231214C04730000|O:SPXW231214C04740000,11.7/7.2,13.8/8.79
2023-12-14,StrongBody_Trend|VeryLow|Micro_2_1.5_5,long_call,LONG,4729.62,4731.62,09:30,09:31,1,profit_target,2.0,12.0,210.0,O:SPXW231214C04730000,11.7,13.8
2023-12-14,StrongBody_Trend|VeryLow|Micro_2_1.5_5,long_otm_call,LONG,4729.62,4731.62,09:30,09:31,1,profit_target,2.0,12.0,180.0,O:SPXW231214C04735000,9.2,11
2023-12-14,StrongBody_Trend|VeryLow|Micro_2_1.5_5,bull_call_10,LONG,4729.62,4731.62,09:30,09:31,1,profit_target,2.0,12.0,51.0,O:SPXW231214C04730000|O:SPXW231214C04740000,11.7/7.2,13.8/8.79
2023-12-14,TripleBull_BodyTrendPrev|VeryLow|Micro_4_2_8,long_call,LONG,4729.62,4733.62,09:30,09:31,1,profit_target,4.0,12.0,210.0,O:SPXW231214C04730000,11.7,13.8
2023-12-14,TripleBull_BodyTrendPrev|VeryLow|Micro_4_2_8,long_otm_call,LONG,4729.62,4733.62,09:30,09:31,1,profit_target,4.0,12.0,180.0,O:SPXW231214C04735000,9.2,11
2023-12-14,TripleBull_BodyTrendPrev|VeryLow|Micro_4_2_8,bull_call_10,LONG,4729.62,4733.62,09:30,09:31,1,profit_target,4.0,12.0,51.0,O:SPXW231214C04730000|O:SPXW231214C04740000,11.7/7.2,13.8/8.79
2023-12-18,StrongBody_Bull|VeryLow|Micro_2_1.5_5,long_call,LONG,4731.24,4733.24,09:30,09:31,1,profit_target,2.0,12.6,53.0,O:SPXW231218C04730000,7.87,8.4
2023-12-18,StrongBody_Bull|VeryLow|Micro_2_1.5_5,long_itm_call,LONG,4731.24,4733.24,09:30,09:31,1,profit_target,2.0,12.6,53.0,O:SPXW231218C04725000,10.77,11.3
2023-12-18,StrongBody_Bull|VeryLow|Micro_2_1.5_5,long_otm_call,LONG,4731.24,4733.24,09:30,09:31,1,profit_target,2.0,12.6,50.0,O:SPXW231218C04735000,5.5,6
2023-12-18,StrongBody_Bull|VeryLow|Micro_2_1.5_5,bull_call_10,LONG,4731.24,4733.24,09:30,09:31,1,profit_target,2.0,12.6,23.0,O:SPXW231218C04730000|O:SPXW231218C04740000,7.87/3.7,8.4/4
2023-12-18,StrongBody_Trend|VeryLow|Micro_2_1.5_5,long_call,LONG,4731.24,4733.24,09:30,09:31,1,profit_target,2.0,12.6,53.0,O:SPXW231218C04730000,7.87,8.4
2023-12-18,StrongBody_Trend|VeryLow|Micro_2_1.5_5,long_otm_call,LONG,4731.24,4733.24,09:30,09:31,1,profit_target,2.0,12.6,50.0,O:SPXW231218C04735000,5.5,6
2023-12-18,StrongBody_Trend|VeryLow|Micro_2_1.5_5,bull_call_10,LONG,4731.24,4733.24,09:30,09:31,1,profit_target,2.0,12.6,23.0,O:SPXW231218C04730000|O:SPXW231218C04740000,7.87/3.7,8.4/4
2023-12-18,TripleBull_BodyTrendPrev|VeryLow|Micro_4_2_8,long_call,LONG,4731.24,4734.54,09:30,09:38,8,time_stop,3.3,12.6,193.0,O:SPXW231218C04730000,7.87,9.8
2023-12-18,TripleBull_BodyTrendPrev|VeryLow|Micro_4_2_8,long_otm_call,LONG,4731.24,4734.54,09:30,09:38,8,time_stop,3.3,12.6,140.0,O:SPXW231218C04735000,5.5,6.9
2023-12-18,TripleBull_BodyTrendPrev|VeryLow|Micro_4_2_8,bull_call_10,LONG,4731.24,4734.54,09:30,09:38,8,time_stop,3.3,12.6,103.0,O:SPXW231218C04730000|O:SPXW231218C04740000,7.87/3.7,9.8/4.6
2023-12-19,StrongBody_Bull|VeryLow|Micro_2_1.5_5,long_call,LONG,4747.86,4748.65,09:30,09:35,5,time_stop,0.79,12.6,50.0,O:SPXW231219C04750000,6.2,6.7
2023-12-19,StrongBody_Bull|VeryLow|Micro_2_1.5_5,long_itm_call,LONG,4747.86,4748.65,09:30,09:35,5,time_stop,0.79,12.6,80.0,O:SPXW231219C04745000,8.7,9.5
2023-12-19,StrongBody_Bull|VeryLow|Micro_2_1.5_5,long_otm_call,LONG,4747.86,4748.65,09:30,09:35,5,time_stop,0.79,12.6,20.0,O:SPXW231219C04755000,4.2,4.4
2023-12-19,StrongBody_Bull|VeryLow|Micro_2_1.5_5,bull_call_10,LONG,4747.86,4748.65,09:30,09:35,5,time_stop,0.79,12.6,40.0,O:SPXW231219C04750000|O:SPXW231219C04760000,6.2/2.7,6.7/2.8
2023-12-19,StrongBody_Trend|VeryLow|Micro_2_1.5_5,long_call,LONG,4747.86,4748.65,09:30,09:35,5,time_stop,0.79,12.6,50.0,O:SPXW231219C04750000,6.2,6.7
2023-12-19,StrongBody_Trend|VeryLow|Micro_2_1.5_5,long_otm_call,LONG,4747.86,4748.65,09:30,09:35,5,time_stop,0.79,12.6,20.0,O:SPXW231219C04755000,4.2,4.4
2023-12-19,StrongBody_Trend|VeryLow|Micro_2_1.5_5,bull_call_10,LONG,4747.86,4748.65,09:30,09:35,5,time_stop,0.79,12.6,40.0,O:SPXW231219C04750000|O:SPXW231219C04760000,6.2/2.7,6.7/2.8
2023-12-19,TripleBull_BodyTrendPrev|VeryLow|Micro_4_2_8,long_call,LONG,4747.86,4748.89,09:30,09:38,8,time_stop,1.03,12.6,53.0,O:SPXW231219C04750000,6.2,6.73
2023-12-19,TripleBull_BodyTrendPrev|VeryLow|Micro_4_2_8,long_otm_call,LONG,4747.86,4748.89,09:30,09:38,8,time_stop,1.03,12.6,40.0,O:SPXW231219C04755000,4.2,4.6
2023-12-19,TripleBull_BodyTrendPrev|VeryLow|Micro_4_2_8,bull_call_10,LONG,4747.86,4748.89,09:30,09:38,8,time_stop,1.03,12.6,38.0,O:SPXW231219C04750000|O:SPXW231219C04760000,6.2/2.7,6.73/2.85
2023-12-21,StrongBody_Bull|VeryLow|Micro_2_1.5_5,long_call,LONG,4737.58,4736.08,09:30,09:34,4,stop_loss,-1.5,13.4,0.0,O:SPXW231221C04740000,9.6,9.6
2023-12-21,StrongBody_Bull|VeryLow|Micro_2_1.5_5,long_itm_call,LONG,4737.58,4736.08,09:30,09:34,4,stop_loss,-1.5,13.4,58.0,O:SPXW231221C04735000,11.8,12.38
2023-12-21,StrongBody_Bull|VeryLow|Micro_2_1.5_5,long_otm_call,LONG,4737.58,4736.08,09:30,09:34,4,stop_loss,-1.5,13.4,0.0,O:SPXW231221C04745000,7.4,7.4
2023-12-21,StrongBody_Bull|VeryLow|Micro_2_1.5_5,bull_call_10,LONG,4737.58,4736.08,09:30,09:34,4,stop_loss,-1.5,13.4,0.0,O:SPXW231221C04740000|O:SPXW231221C04750000,9.6/5.7,9.6/5.7
2023-12-21,StrongBody_Trend|VeryLow|Micro_2_1.5_5,long_call,LONG,4737.58,4736.08,09:30,09:34,4,stop_loss,-1.5,13.4,0.0,O:SPXW231221C04740000,9.6,9.6
2023-12-21,StrongBody_Trend|VeryLow|Micro_2_1.5_5,long_otm_call,LONG,4737.58,4736.08,09:30,09:34,4,stop_loss,-1.5,13.4,0.0,O:SPXW231221C04745000,7.4,7.4
2023-12-21,StrongBody_Trend|VeryLow|Micro_2_1.5_5,bull_call_10,LONG,4737.58,4736.08,09:30,09:34,4,stop_loss,-1.5,13.4,0.0,O:SPXW231221C04740000|O:SPXW231221C04750000,9.6/5.7,9.6/5.7
2023-12-22,StrongBody_Bull|VeryLow|Micro_2_1.5_5,long_call,LONG,4759.51,4761.51,09:30,09:31,1,profit_target,2.0,13.7,150.0,O:SPXW231222C04760000,9.8,11.3
2023-12-22,StrongBody_Bull|VeryLow|Micro_2_1.5_5,long_itm_call,LONG,4759.51,4761.51,09:30,09:31,1,profit_target,2.0,13.7,129.0,O:SPXW231222C04755000,12.81,14.1
2023-12-22,StrongBody_Bull|VeryLow|Micro_2_1.5_5,long_otm_call,LONG,4759.51,4761.51,09:30,09:31,1,profit_target,2.0,13.7,100.0,O:SPXW231222C04765000,7.8,8.8
2023-12-22,StrongBody_Bull|VeryLow|Micro_2_1.5_5,bull_call_10,LONG,4759.51,4761.51,09:30,09:31,1,profit_target,2.0,13.7,80.0,O:SPXW231222C04760000|O:SPXW231222C04770000,9.8/5.9,11.3/6.6
2023-12-22,StrongBody_Trend|VeryLow|Micro_2_1.5_5,long_call,LONG,4759.51,4761.51,09:30,09:31,1,profit_target,2.0,13.7,150.0,O:SPXW231222C04760000,9.8,11.3
2023-12-22,StrongBody_Trend|VeryLow|Micro_2_1.5_5,long_otm_call,LONG,4759.51,4761.51,09:30,09:31,1,profit_target,2.0,13.7,100.0,O:SPXW231222C04765000,7.8,8.8
2023-12-22,StrongBody_Trend|VeryLow|Micro_2_1.5_5,bull_call_10,LONG,4759.51,4761.51,09:30,09:31,1,profit_target,2.0,13.7,80.0,O:SPXW231222C04760000|O:SPXW231222C04770000,9.8/5.9,11.3/6.6
2023-12-22,Bull_GapCont|Fri|Std_10_5_15,long_call,LONG,4759.51,4769.51,09:30,09:44,14,profit_target,10.0,13.7,612.0,O:SPXW231222C04760000,9.8,15.92
2023-12-22,Bull_GapCont|Fri|Std_10_5_15,long_otm_call,LONG,4759.51,4769.51,09:30,09:44,14,profit_target,10.0,13.7,480.0,O:SPXW231222C04765000,7.8,12.6
2023-12-22,Bull_GapCont|Fri|Std_10_5_15,bull_call_5,LONG,4759.51,4769.51,09:30,09:44,14,profit_target,10.0,13.7,132.0,O:SPXW231222C04760000|O:SPXW231222C04765000,9.8/7.8,15.92/12.6
2023-12-22,Bull_GapCont|Fri|Std_10_5_15,bull_call_10,LONG,4759.51,4769.51,09:30,09:44,14,profit_target,10.0,13.7,209.0,O:SPXW231222C04760000|O:SPXW231222C04770000,9.8/5.9,15.92/9.93
2023-12-22,StrongBody_PrevBull|Fri|Asym_12_4_20,long_call,LONG,4759.51,4771.6,09:30,09:50,20,time_stop,12.09,13.7,782.0,O:SPXW231222C04760000,9.8,17.62
2023-12-22,StrongBody_PrevBull|Fri|Asym_12_4_20,long_otm_call,LONG,4759.51,4771.6,09:30,09:50,20,time_stop,12.09,13.7,634.0,O:SPXW231222C04765000,7.8,14.14
2023-12-22,StrongBody_PrevBull|Fri|Asym_12_4_20,bull_call_10,LONG,4759.51,4771.6,09:30,09:50,20,time_stop,12.09,13.7,262.0,O:SPXW231222C04760000|O:SPXW231222C04770000,9.8/5.9,17.62/11.1
2023-12-22,TripleBull_BodyTrendPrev|VeryLow|Micro_4_2_8,long_call,LONG,4759.51,4763.51,09:30,09:33,3,profit_target,4.0,13.7,250.0,O:SPXW231222C04760000,9.8,12.3
2023-12-22,TripleBull_BodyTrendPrev|VeryLow|Micro_4_2_8,long_otm_call,LONG,4759.51,4763.51,09:30,09:33,3,profit_target,4.0,13.7,180.0,O:SPXW231222C04765000,7.8,9.6
2023-12-22,TripleBull_BodyTrendPrev|VeryLow|Micro_4_2_8,bull_call_10,LONG,4759.51,4763.51,09:30,09:33,3,profit_target,4.0,13.7,110.0,O:SPXW231222C04760000|O:SPXW231222C04770000,9.8/5.9,12.3/7.3
2023-12-26,StrongBody_Bull|VeryLow|Micro_2_1.5_5,long_call,LONG,4762.32,4764.32,09:30,09:33,3,profit_target,2.0,13.8,120.0,O:SPXW231226C04760000,9.5,10.7
2023-12-26,StrongBody_Bull|VeryLow|Micro_2_1.5_5,long_itm_call,LONG,4762.32,4764.32,09:30,09:33,3,profit_target,2.0,13.8,160.0,O:SPXW231226C04755000,12.5,14.1
2023-12-26,StrongBody_Bull|VeryLow|Micro_2_1.5_5,long_otm_call,LONG,4762.32,4764.32,09:30,09:33,3,profit_target,2.0,13.8,100.0,O:SPXW231226C04765000,6.9,7.9
2023-12-26,StrongBody_Bull|VeryLow|Micro_2_1.5_5,bull_call_10,LONG,4762.32,4764.32,09:30,09:33,3,profit_target,2.0,13.8,63.0,O:SPXW231226C04760000|O:SPXW231226C04770000,9.5/5,10.7/5.57
2023-12-26,StrongBody_Trend|VeryLow|Micro_2_1.5_5,long_call,LONG,4762.32,4764.32,09:30,09:33,3,profit_target,2.0,13.8,120.0,O:SPXW231226C04760000,9.5,10.7
2023-12-26,StrongBody_Trend|VeryLow|Micro_2_1.5_5,long_otm_call,LONG,4762.32,4764.32,09:30,09:33,3,profit_target,2.0,13.8,100.0,O:SPXW231226C04765000,6.9,7.9
2023-12-26,StrongBody_Trend|VeryLow|Micro_2_1.5_5,bull_call_10,LONG,4762.32,4764.32,09:30,09:33,3,profit_target,2.0,13.8,63.0,O:SPXW231226C04760000|O:SPXW231226C04770000,9.5/5,10.7/5.57
2023-12-26,TripleBull_BodyTrendPrev|VeryLow|Micro_4_2_8,long_call,LONG,4762.32,4765.85,09:30,09:38,8,time_stop,3.53,13.8,169.0,O:SPXW231226C04760000,9.5,11.19
2023-12-26,TripleBull_BodyTrendPrev|VeryLow|Micro_4_2_8,long_otm_call,LONG,4762.32,4765.85,09:30,09:38,8,time_stop,3.53,13.8,132.0,O:SPXW231226C04765000,6.9,8.22
2023-12-26,TripleBull_BodyTrendPrev|VeryLow|Micro_4_2_8,bull_call_10,LONG,4762.32,4765.85,09:30,09:38,8,time_stop,3.53,13.8,89.0,O:SPXW231226C04760000|O:SPXW231226C04770000,9.5/5,11.19/5.8
2023-12-29,StrongBody_Bull|VeryLow|Micro_2_1.5_5,long_itm_call,LONG,4784.83,4783.33,09:30,09:32,2,stop_loss,-1.5,12.5,-70.0,O:SPXW231229C04780000,12.9,12.2
2023-12-29,StrongBody_Bull|VeryLow|Micro_2_1.5_5,long_otm_call,LONG,4784.83,4783.33,09:30,09:32,2,stop_loss,-1.5,12.5,-70.0,O:SPXW231229C04790000,7.7,7
2023-12-29,StrongBody_Trend|VeryLow|Micro_2_1.5_5,long_otm_call,LONG,4784.83,4783.33,09:30,09:32,2,stop_loss,-1.5,12.5,-70.0,O:SPXW231229C04790000,7.7,7
2024-01-11,TripleBull_BodyTrendPrev|VeryLow|Micro_4_2_8,long_call,LONG,4795.89,4793.89,09:30,09:31,1,stop_loss,-2.0,12.6,-190.0,O:SPXW240111C04795000,10.9,9
2024-01-11,TripleBull_BodyTrendPrev|VeryLow|Micro_4_2_8,long_otm_call,LONG,4795.89,4793.89,09:30,09:31,1,stop_loss,-2.0,12.6,-145.0,O:SPXW240111C04800000,8.6,7.15
2024-01-11,TripleBull_BodyTrendPrev|VeryLow|Micro_4_2_8,bull_call_10,LONG,4795.89,4793.89,09:30,09:31,1,stop_loss,-2.0,12.6,-54.0,O:SPXW240111C04795000|O:SPXW240111C04805000,10.9/6.66,9/5.3
2024-01-12,StrongBody_Bull|VeryLow|Micro_2_1.5_5,long_call,LONG,4795.47,4795.95,09:30,09:35,5,time_stop,0.48,12.6,-50.0,O:SPXW240112C04795000,11,10.5
2024-01-12,StrongBody_Bull|VeryLow|Micro_2_1.5_5,long_itm_call,LONG,4795.47,4795.95,09:30,09:35,5,time_stop,0.48,12.6,-30.0,O:SPXW240112C04790000,13.8,13.5
2024-01-12,StrongBody_Bull|VeryLow|Micro_2_1.5_5,long_otm_call,LONG,4795.47,4795.95,09:30,09:35,5,time_stop,0.48,12.6,-40.0,O:SPXW240112C04800000,8.5,8.1
2024-01-12,StrongBody_Bull|VeryLow|Micro_2_1.5_5,bull_call_10,LONG,4795.47,4795.95,09:30,09:35,5,time_stop,0.48,12.6,-5.0,O:SPXW240112C04795000|O:SPXW240112C04805000,11/6.5,10.5/6.05
2024-01-12,StrongBody_Trend|VeryLow|Micro_2_1.5_5,long_call,LONG,4795.47,4795.95,09:30,09:35,5,time_stop,0.48,12.6,-50.0,O:SPXW240112C04795000,11,10.5
2024-01-12,StrongBody_Trend|VeryLow|Micro_2_1.5_5,long_otm_call,LONG,4795.47,4795.95,09:30,09:35,5,time_stop,0.48,12.6,-40.0,O:SPXW240112C04800000,8.5,8.1
2024-01-12,StrongBody_Trend|VeryLow|Micro_2_1.5_5,bull_call_10,LONG,4795.47,4795.95,09:30,09:35,5,time_stop,0.48,12.6,-5.0,O:SPXW240112C04795000|O:SPXW240112C04805000,11/6.5,10.5/6.05
2024-01-12,Bull_GapCont|Fri|Std_10_5_15,long_call,LONG,4795.47,4801.02,09:30,09:45,15,time_stop,5.55,12.6,220.0,O:SPXW240112C04795000,11,13.2
2024-01-12,Bull_GapCont|Fri|Std_10_5_15,long_otm_call,LONG,4795.47,4801.02,09:30,09:45,15,time_stop,5.55,12.6,170.0,O:SPXW240112C04800000,8.5,10.2
2024-01-12,Bull_GapCont|Fri|Std_10_5_15,bull_call_5,LONG,4795.47,4801.02,09:30,09:45,15,time_stop,5.55,12.6,50.0,O:SPXW240112C04795000|O:SPXW240112C04800000,11/8.5,13.2/10.2
2024-01-12,Bull_GapCont|Fri|Std_10_5_15,bull_call_10,LONG,4795.47,4801.02,09:30,09:45,15,time_stop,5.55,12.6,94.0,O:SPXW240112C04795000|O:SPXW240112C04805000,11/6.5,13.2/7.76
2024-01-26,StrongBody_Bull|VeryLow|Micro_2_1.5_5,long_call,LONG,4892.93,4894.93,09:30,09:32,2,profit_target,2.0,13.7,200.0,O:SPXW240126C04895000,9.8,11.8
2024-01-26,StrongBody_Bull|VeryLow|Micro_2_1.5_5,long_itm_call,LONG,4892.93,4894.93,09:30,09:32,2,profit_target,2.0,13.7,267.0,O:SPXW240126C04890000,12.33,15
2024-01-26,StrongBody_Bull|VeryLow|Micro_2_1.5_5,long_otm_call,LONG,4892.93,4894.93,09:30,09:32,2,profit_target,2.0,13.7,140.0,O:SPXW240126C04900000,7.7,9.1
2024-01-26,StrongBody_Bull|VeryLow|Micro_2_1.5_5,bull_call_10,LONG,4892.93,4894.93,09:30,09:32,2,profit_target,2.0,13.7,70.0,O:SPXW240126C04895000|O:SPXW240126C04905000,9.8/5.8,11.8/7.1
2024-01-26,StrongBody_Trend|VeryLow|Micro_2_1.5_5,long_call,LONG,4892.93,4894.93,09:30,09:32,2,profit_target,2.0,13.7,200.0,O:SPXW240126C04895000,9.8,11.8
2024-01-26,StrongBody_Trend|VeryLow|Micro_2_1.5_5,long_otm_call,LONG,4892.93,4894.93,09:30,09:32,2,profit_target,2.0,13.7,140.0,O:SPXW240126C04900000,7.7,9.1
2024-01-26,StrongBody_Trend|VeryLow|Micro_2_1.5_5,bull_call_10,LONG,4892.93,4894.93,09:30,09:32,2,profit_target,2.0,13.7,70.0,O:SPXW240126C04895000|O:SPXW240126C04905000,9.8/5.8,11.8/7.1
2024-01-26,StrongBody_PrevBull|Fri|Asym_12_4_20,long_call,LONG,4892.93,4892.14,09:30,09:50,20,time_stop,-0.79,13.7,-230.0,O:SPXW240126C04895000,9.8,7.5
2024-01-26,StrongBody_PrevBull|Fri|Asym_12_4_20,long_otm_call,LONG,4892.93,4892.14,09:30,09:50,20,time_stop,-0.79,13.7,-240.0,O:SPXW240126C04900000,7.7,5.3
2024-01-26,StrongBody_PrevBull|Fri|Asym_12_4_20,bull_call_10,LONG,4892.93,4892.14,09:30,09:50,20,time_stop,-0.79,13.7,-25.0,O:SPXW240126C04895000|O:SPXW240126C04905000,9.8/5.8,7.5/3.75
2024-01-26,TripleBull_BodyTrendPrev|VeryLow|Micro_4_2_8,long_call,LONG,4892.93,4896.93,09:30,09:32,2,profit_target,4.0,13.7,200.0,O:SPXW240126C04895000,9.8,11.8
2024-01-26,TripleBull_BodyTrendPrev|VeryLow|Micro_4_2_8,long_otm_call,LONG,4892.93,4896.93,09:30,09:32,2,profit_target,4.0,13.7,140.0,O:SPXW240126C04900000,7.7,9.1
2024-01-26,TripleBull_BodyTrendPrev|VeryLow|Micro_4_2_8,bull_call_10,LONG,4892.93,4896.93,09:30,09:32,2,profit_target,4.0,13.7,70.0,O:SPXW240126C04895000|O:SPXW240126C04905000,9.8/5.8,11.8/7.1
2024-02-07,StrongBody_Bull|VeryLow|Micro_2_1.5_5,long_itm_call,LONG,4977.66,4976.16,09:30,09:32,2,stop_loss,-1.5,13.1,-91.0,O:SPXW240207C04975000,10.62,9.71
2024-02-07,StrongBody_Bull|VeryLow|Micro_2_1.5_5,long_otm_call,LONG,4977.66,4976.16,09:30,09:32,2,stop_loss,-1.5,13.1,-65.0,O:SPXW240207C04985000,5.95,5.3
2024-02-07,StrongBody_Trend|VeryLow|Micro_2_1.5_5,long_otm_call,LONG,4977.66,4976.16,09:30,09:32,2,stop_loss,-1.5,13.1,-65.0,O:SPXW240207C04985000,5.95,5.3
2024-02-07,TripleBull_BodyTrendPrev|VeryLow|Micro_4_2_8,long_otm_call,LONG,4977.66,4975.66,09:30,09:33,3,stop_loss,-2.0,13.1,-124.0,O:SPXW240207C04985000,5.95,4.71
2024-02-23,Bull_GapCont|Fri|Std_10_5_15,long_call,LONG,5103.75,5109.92,09:30,09:45,15,time_stop,6.17,14.3,390.0,O:SPXW240223C05105000,9.1,13
2024-02-23,Bull_GapCont|Fri|Std_10_5_15,long_otm_call,LONG,5103.75,5109.92,09:30,09:45,15,time_stop,6.17,14.3,320.0,O:SPXW240223C05110000,6.9,10.1
2024-02-23,Bull_GapCont|Fri|Std_10_5_15,bull_call_5,LONG,5103.75,5109.92,09:30,09:45,15,time_stop,6.17,14.3,70.0,O:SPXW240223C05105000|O:SPXW240223C05110000,9.1/6.9,13/10.1
2024-02-23,Bull_GapCont|Fri|Std_10_5_15,bull_call_10,LONG,5103.75,5109.92,09:30,09:45,15,time_stop,6.17,14.3,129.0,O:SPXW240223C05105000|O:SPXW240223C05115000,9.1/5,13/7.61
2024-02-23,StrongBody_PrevBull|Fri|Asym_12_4_20,long_call,LONG,5103.75,5106.33,09:30,09:50,20,time_stop,2.58,14.3,115.0,O:SPXW240223C05105000,9.1,10.25
2024-02-23,StrongBody_PrevBull|Fri|Asym_12_4_20,long_otm_call,LONG,5103.75,5106.33,09:30,09:50,20,time_stop,2.58,14.3,90.0,O:SPXW240223C05110000,6.9,7.8
2024-02-23,StrongBody_PrevBull|Fri|Asym_12_4_20,bull_call_10,LONG,5103.75,5106.33,09:30,09:50,20,time_stop,2.58,14.3,47.0,O:SPXW240223C05105000|O:SPXW240223C05115000,9.1/5,10.25/5.68
2024-03-27,StrongBody_Bull|VeryLow|Micro_2_1.5_5,long_call,LONG,5234.7,5233.2,09:30,09:31,1,stop_loss,-1.5,13.1,-7.0,O:SPXW240327C05235000,7.74,7.67
2024-03-27,StrongBody_Bull|VeryLow|Micro_2_1.5_5,long_itm_call,LONG,5234.7,5233.2,09:30,09:31,1,stop_loss,-1.5,13.1,20.0,O:SPXW240327C05230000,10.6,10.8
2024-03-27,StrongBody_Bull|VeryLow|Micro_2_1.5_5,long_otm_call,LONG,5234.7,5233.2,09:30,09:31,1,stop_loss,-1.5,13.1,1.0,O:SPXW240327C05240000,5.2,5.21
2024-03-27,StrongBody_Bull|VeryLow|Micro_2_1.5_5,bull_call_10,LONG,5234.7,5233.2,09:30,09:31,1,stop_loss,-1.5,13.1,5.0,O:SPXW240327C05235000|O:SPXW240327C05245000,7.74/3.4,7.67/3.28
2024-03-27,StrongBody_Trend|VeryLow|Micro_2_1.5_5,long_call,LONG,5234.7,5233.2,09:30,09:31,1,stop_loss,-1.5,13.1,-7.0,O:SPXW240327C05235000,7.74,7.67
2024-03-27,StrongBody_Trend|VeryLow|Micro_2_1.5_5,long_otm_call,LONG,5234.7,5233.2,09:30,09:31,1,stop_loss,-1.5,13.1,1.0,O:SPXW240327C05240000,5.2,5.21
2024-03-27,StrongBody_Trend|VeryLow|Micro_2_1.5_5,bull_call_10,LONG,5234.7,5233.2,09:30,09:31,1,stop_loss,-1.5,13.1,5.0,O:SPXW240327C05235000|O:SPXW240327C05245000,7.74/3.4,7.67/3.28
2024-05-10,Bull_GapCont|Fri|Std_10_5_15,long_otm_call,LONG,5227.15,5237.15,09:30,09:41,11,profit_target,10.0,12.8,582.0,O:SPXW240510C05230000,7.28,13.1
2024-05-13,StrongBody_Bull|VeryLow|Micro_2_1.5_5,long_itm_call,LONG,5236.22,5234.72,09:30,09:32,2,stop_loss,-1.5,13.3,-164.0,O:SPXW240513C05230000,12.56,10.92
2024-05-13,StrongBody_Bull|VeryLow|Micro_2_1.5_5,long_otm_call,LONG,5236.22,5234.72,09:30,09:32,2,stop_loss,-1.5,13.3,-120.0,O:SPXW240513C05240000,6.6,5.4
2024-05-13,StrongBody_Trend|VeryLow|Micro_2_1.5_5,long_otm_call,LONG,5236.22,5234.72,09:30,09:32,2,stop_loss,-1.5,13.3,-120.0,O:SPXW240513C05240000,6.6,5.4
2024-05-15,StrongBody_Bull|VeryLow|Micro_2_1.5_5,long_call,LONG,5270.94,5272.94,09:30,09:31,1,profit_target,2.0,13.8,57.0,O:SPXW240515C05270000,11.9,12.47
2024-05-15,StrongBody_Bull|VeryLow|Micro_2_1.5_5,long_itm_call,LONG,5270.94,5272.94,09:30,09:31,1,profit_target,2.0,13.8,78.0,O:SPXW240515C05265000,14.82,15.6
2024-05-15,StrongBody_Bull|VeryLow|Micro_2_1.5_5,long_otm_call,LONG,5270.94,5272.94,09:30,09:31,1,profit_target,2.0,13.8,42.0,O:SPXW240515C05275000,9.48,9.9
2024-05-15,StrongBody_Bull|VeryLow|Micro_2_1.5_5,bull_call_10,LONG,5270.94,5272.94,09:30,09:31,1,profit_target,2.0,13.8,17.0,O:SPXW240515C05270000|O:SPXW240515C05280000,11.9/7.2,12.47/7.6
2024-05-15,StrongBody_Trend|VeryLow|Micro_2_1.5_5,long_call,LONG,5270.94,5272.94,09:30,09:31,1,profit_target,2.0,13.8,57.0,O:SPXW240515C05270000,11.9,12.47
2024-05-15,StrongBody_Trend|VeryLow|Micro_2_1.5_5,long_otm_call,LONG,5270.94,5272.94,09:30,09:31,1,profit_target,2.0,13.8,42.0,O:SPXW240515C05275000,9.48,9.9
2024-05-15,StrongBody_Trend|VeryLow|Micro_2_1.5_5,bull_call_10,LONG,5270.94,5272.94,09:30,09:31,1,profit_target,2.0,13.8,17.0,O:SPXW240515C05270000|O:SPXW240515C05280000,11.9/7.2,12.47/7.6
2024-05-15,TripleBull_BodyTrendPrev|VeryLow|Micro_4_2_8,long_call,LONG,5270.94,5274.94,09:30,09:32,2,profit_target,4.0,13.8,210.0,O:SPXW240515C05270000,11.9,14
2024-05-15,TripleBull_BodyTrendPrev|VeryLow|Micro_4_2_8,long_otm_call,LONG,5270.94,5274.94,09:30,09:32,2,profit_target,4.0,13.8,152.0,O:SPXW240515C05275000,9.48,11
2024-05-15,TripleBull_BodyTrendPrev|VeryLow|Micro_4_2_8,bull_call_10,LONG,5270.94,5274.94,09:30,09:32,2,profit_target,4.0,13.8,70.0,O:SPXW240515C05270000|O:SPXW240515C05280000,11.9/7.2,14/8.6
2024-05-16,TripleBull_BodyTrendPrev|VeryLow|Micro_4_2_8,long_otm_call,LONG,5312.46,5314.08,09:30,09:38,8,time_stop,1.62,12.5,22.0,O:SPXW240516C05315000,6.82,7.04
2024-05-24,StrongBody_Bull|VeryLow|Micro_2_1.5_5,long_call,LONG,5285.67,5287.67,09:30,09:34,4,profit_target,2.0,12.8,130.0,O:SPXW240524C05285000,10.8,12.1
2024-05-24,StrongBody_Bull|VeryLow|Micro_2_1.5_5,long_itm_call,LONG,5285.67,5287.67,09:30,09:34,4,profit_target,2.0,12.8,114.0,O:SPXW240524C05280000,13.86,15
2024-05-24,StrongBody_Bull|VeryLow|Micro_2_1.5_5,long_otm_call,LONG,5285.67,5287.67,09:30,09:34,4,profit_target,2.0,12.8,90.0,O:SPXW240524C05290000,8.1,9
2024-05-24,StrongBody_Bull|VeryLow|Micro_2_1.5_5,bull_call_10,LONG,5285.67,5287.67,09:30,09:34,4,profit_target,2.0,12.8,62.0,O:SPXW240524C05285000|O:SPXW240524C05295000,10.8/6.02,12.1/6.7
2024-05-24,StrongBody_Trend|VeryLow|Micro_2_1.5_5,long_call,LONG,5285.67,5287.67,09:30,09:34,4,profit_target,2.0,12.8,130.0,O:SPXW240524C05285000,10.8,12.1
2024-05-24,StrongBody_Trend|VeryLow|Micro_2_1.5_5,long_otm_call,LONG,5285.67,5287.67,09:30,09:34,4,profit_target,2.0,12.8,90.0,O:SPXW240524C05290000,8.1,9
2024-05-24,StrongBody_Trend|VeryLow|Micro_2_1.5_5,bull_call_10,LONG,5285.67,5287.67,09:30,09:34,4,profit_target,2.0,12.8,62.0,O:SPXW240524C05285000|O:SPXW240524C05295000,10.8/6.02,12.1/6.7
2024-05-24,Bull_GapCont|Fri|Std_10_5_15,long_call,LONG,5285.67,5288.93,09:30,09:45,15,time_stop,3.26,12.8,160.0,O:SPXW240524C05285000,10.8,12.4
2024-05-24,Bull_GapCont|Fri|Std_10_5_15,long_otm_call,LONG,5285.67,5288.93,09:30,09:45,15,time_stop,3.26,12.8,150.0,O:SPXW240524C05290000,8.1,9.6
2024-05-24,Bull_GapCont|Fri|Std_10_5_15,bull_call_5,LONG,5285.67,5288.93,09:30,09:45,15,time_stop,3.26,12.8,10.0,O:SPXW240524C05285000|O:SPXW240524C05290000,10.8/8.1,12.4/9.6
2024-05-24,Bull_GapCont|Fri|Std_10_5_15,bull_call_10,LONG,5285.67,5288.93,09:30,09:45,15,time_stop,3.26,12.8,43.0,O:SPXW240524C05285000|O:SPXW240524C05295000,10.8/6.02,12.4/7.19
2024-05-31,Bull_GapCont|Fri|Std_10_5_15,long_call,LONG,5245.25,5255.25,09:30,09:43,13,profit_target,10.0,14.6,420.0,O:SPXW240531C05245000,12.4,16.6
2024-05-31,Bull_GapCont|Fri|Std_10_5_15,long_otm_call,LONG,5245.25,5255.25,09:30,09:43,13,profit_target,10.0,14.6,350.0,O:SPXW240531C05250000,10.1,13.6
2024-05-31,Bull_GapCont|Fri|Std_10_5_15,bull_call_5,LONG,5245.25,5255.25,09:30,09:43,13,profit_target,10.0,14.6,70.0,O:SPXW240531C05245000|O:SPXW240531C05250000,12.4/10.1,16.6/13.6
2024-05-31,Bull_GapCont|Fri|Std_10_5_15,bull_call_10,LONG,5245.25,5255.25,09:30,09:43,13,profit_target,10.0,14.6,138.0,O:SPXW240531C05245000|O:SPXW240531C05255000,12.4/7.9,16.6/10.72
2024-06-12,StrongBody_Bull|VeryLow|Micro_2_1.5_5,long_call,LONG,5421.35,5423.35,09:30,09:31,1,profit_target,2.0,13.1,154.0,O:SPXW240612C05420000,18.08,19.62
2024-06-12,StrongBody_Bull|VeryLow|Micro_2_1.5_5,long_itm_call,LONG,5421.35,5423.35,09:30,09:31,1,profit_target,2.0,13.1,153.0,O:SPXW240612C05415000,20.8,22.33
2024-06-12,StrongBody_Bull|VeryLow|Micro_2_1.5_5,long_otm_call,LONG,5421.35,5423.35,09:30,09:31,1,profit_target,2.0,13.1,133.0,O:SPXW240612C05425000,15.4,16.73
2024-06-12,StrongBody_Bull|VeryLow|Micro_2_1.5_5,bull_call_10,LONG,5421.35,5423.35,09:30,09:31,1,profit_target,2.0,13.1,14.0,O:SPXW240612C05420000|O:SPXW240612C05430000,18.08/13,19.62/14.4
2024-06-12,StrongBody_Trend|VeryLow|Micro_2_1.5_5,long_call,LONG,5421.35,5423.35,09:30,09:31,1,profit_target,2.0,13.1,154.0,O:SPXW240612C05420000,18.08,19.62
2024-06-12,StrongBody_Trend|VeryLow|Micro_2_1.5_5,long_otm_call,LONG,5421.35,5423.35,09:30,09:31,1,profit_target,2.0,13.1,133.0,O:SPXW240612C05425000,15.4,16.73
2024-06-12,StrongBody_Trend|VeryLow|Micro_2_1.5_5,bull_call_10,LONG,5421.35,5423.35,09:30,09:31,1,profit_target,2.0,13.1,14.0,O:SPXW240612C05420000|O:SPXW240612C05430000,18.08/13,19.62/14.4
2024-06-12,TripleBull_BodyTrendPrev|VeryLow|Micro_4_2_8,long_call,LONG,5421.35,5425.35,09:30,09:31,1,profit_target,4.0,13.1,154.0,O:SPXW240612C05420000,18.08,19.62
2024-06-12,TripleBull_BodyTrendPrev|VeryLow|Micro_4_2_8,long_otm_call,LONG,5421.35,5425.35,09:30,09:31,1,profit_target,4.0,13.1,133.0,O:SPXW240612C05425000,15.4,16.73
2024-06-12,TripleBull_BodyTrendPrev|VeryLow|Micro_4_2_8,bull_call_10,LONG,5421.35,5425.35,09:30,09:31,1,profit_target,4.0,13.1,14.0,O:SPXW240612C05420000|O:SPXW240612C05430000,18.08/13,19.62/14.4
2024-06-24,StrongBody_Bull|VeryLow|Micro_2_1.5_5,long_itm_call,LONG,5461.95,5463.95,09:30,09:31,1,profit_target,2.0,13.8,10.0,O:SPXW240624C05455000,15.3,15.4
2024-06-24,StrongBody_Bull|VeryLow|Micro_2_1.5_5,long_otm_call,LONG,5461.95,5463.95,09:30,09:31,1,profit_target,2.0,13.8,10.0,O:SPXW240624C05465000,9.1,9.2
2024-06-24,StrongBody_Trend|VeryLow|Micro_2_1.5_5,long_otm_call,LONG,5461.95,5463.95,09:30,09:31,1,profit_target,2.0,13.8,10.0,O:SPXW240624C05465000,9.1,9.2
2024-06-27,StrongBody_Bull|VeryLow|Micro_2_1.5_5,long_itm_call,LONG,5477.45,5475.95,09:30,09:32,2,stop_loss,-1.5,12.7,9.0,O:SPXW240627C05470000,13.6,13.69
2024-06-27,StrongBody_Bull|VeryLow|Micro_2_1.5_5,long_otm_call,LONG,5477.45,5475.95,09:30,09:32,2,stop_loss,-1.5,12.7,-37.0,O:SPXW240627C05480000,8.3,7.93
2024-06-27,StrongBody_Trend|VeryLow|Micro_2_1.5_5,long_otm_call,LONG,5477.45,5475.95,09:30,09:32,2,stop_loss,-1.5,12.7,-37.0,O:SPXW240627C05480000,8.3,7.93
2024-06-27,TripleBull_BodyTrendPrev|VeryLow|Micro_4_2_8,long_otm_call,LONG,5477.45,5481.45,09:30,09:33,3,profit_target,4.0,12.7,160.0,O:SPXW240627C05480000,8.3,9.9
2024-07-01,StrongBody_Bull|VeryLow|Micro_2_1.5_5,long_call,LONG,5474.81,5476.81,09:30,09:31,1,profit_target,2.0,13.0,170.0,O:SPXW240701C05475000,10.6,12.3
2024-07-01,StrongBody_Bull|VeryLow|Micro_2_1.5_5,long_itm_call,LONG,5474.81,5476.81,09:30,09:31,1,profit_target,2.0,13.0,209.0,O:SPXW240701C05470000,13.71,15.8
2024-07-01,StrongBody_Bull|VeryLow|Micro_2_1.5_5,long_otm_call,LONG,5474.81,5476.81,09:30,09:31,1,profit_target,2.0,13.0,170.0,O:SPXW240701C05480000,8.1,9.8
2024-07-01,StrongBody_Bull|VeryLow|Micro_2_1.5_5,bull_call_10,LONG,5474.81,5476.81,09:30,09:31,1,profit_target,2.0,13.0,60.0,O:SPXW240701C05475000|O:SPXW240701C05485000,10.6/6.1,12.3/7.2
2024-07-01,StrongBody_Trend|VeryLow|Micro_2_1.5_5,long_call,LONG,5474.81,5476.81,09:30,09:31,1,profit_target,2.0,13.0,170.0,O:SPXW240701C05475000,10.6,12.3
2024-07-01,StrongBody_Trend|VeryLow|Micro_2_1.5_5,long_otm_call,LONG,5474.81,5476.81,09:30,09:31,1,profit_target,2.0,13.0,170.0,O:SPXW240701C05480000,8.1,9.8
2024-07-01,StrongBody_Trend|VeryLow|Micro_2_1.5_5,bull_call_10,LONG,5474.81,5476.81,09:30,09:31,1,profit_target,2.0,13.0,60.0,O:SPXW240701C05475000|O:SPXW240701C05485000,10.6/6.1,12.3/7.2
2024-07-03,StrongBody_Bull|VeryLow|Micro_2_1.5_5,long_call,LONG,5510.89,5512.89,09:30,09:31,1,profit_target,2.0,12.1,130.0,O:SPXW240703C05510000,8.1,9.4
2024-07-03,StrongBody_Bull|VeryLow|Micro_2_1.5_5,long_itm_call,LONG,5510.89,5512.89,09:30,09:31,1,profit_target,2.0,12.1,166.0,O:SPXW240703C05505000,10.9,12.56
2024-07-03,StrongBody_Bull|VeryLow|Micro_2_1.5_5,long_otm_call,LONG,5510.89,5512.89,09:30,09:31,1,profit_target,2.0,12.1,100.0,O:SPXW240703C05515000,5.6,6.6
2024-07-03,StrongBody_Bull|VeryLow|Micro_2_1.5_5,bull_call_10,LONG,5510.89,5512.89,09:30,09:31,1,profit_target,2.0,12.1,30.0,O:SPXW240703C05510000|O:SPXW240703C05520000,8.1/3.6,9.4/4.6
2024-07-03,StrongBody_Trend|VeryLow|Micro_2_1.5_5,long_call,LONG,5510.89,5512.89,09:30,09:31,1,profit_target,2.0,12.1,130.0,O:SPXW240703C05510000,8.1,9.4
2024-07-03,StrongBody_Trend|VeryLow|Micro_2_1.5_5,long_otm_call,LONG,5510.89,5512.89,09:30,09:31,1,profit_target,2.0,12.1,100.0,O:SPXW240703C05515000,5.6,6.6
2024-07-03,StrongBody_Trend|VeryLow|Micro_2_1.5_5,bull_call_10,LONG,5510.89,5512.89,09:30,09:31,1,profit_target,2.0,12.1,30.0,O:SPXW240703C05510000|O:SPXW240703C05520000,8.1/3.6,9.4/4.6
2024-07-03,TripleBull_BodyTrendPrev|VeryLow|Micro_4_2_8,long_call,LONG,5510.89,5514.89,09:30,09:34,4,profit_target,4.0,12.1,137.0,O:SPXW240703C05510000,8.1,9.47
2024-07-03,TripleBull_BodyTrendPrev|VeryLow|Micro_4_2_8,long_otm_call,LONG,5510.89,5514.89,09:30,09:34,4,profit_target,4.0,12.1,110.0,O:SPXW240703C05515000,5.6,6.7
2024-07-03,TripleBull_BodyTrendPrev|VeryLow|Micro_4_2_8,bull_call_10,LONG,5510.89,5514.89,09:30,09:34,4,profit_target,4.0,12.1,47.0,O:SPXW240703C05510000|O:SPXW240703C05520000,8.1/3.6,9.47/4.5
2024-07-12,StrongBody_Bull|VeryLow|Micro_2_1.5_5,long_call,LONG,5593.93,5595.93,09:30,09:31,1,profit_target,2.0,12.9,112.0,O:SPXW240712C05595000,10.98,12.1
2024-07-12,StrongBody_Bull|VeryLow|Micro_2_1.5_5,long_itm_call,LONG,5593.93,5595.93,09:30,09:31,1,profit_target,2.0,12.9,128.0,O:SPXW240712C05590000,13.82,15.1
2024-07-12,StrongBody_Bull|VeryLow|Micro_2_1.5_5,long_otm_call,LONG,5593.93,5595.93,09:30,09:31,1,profit_target,2.0,12.9,80.0,O:SPXW240712C05600000,8.7,9.5
2024-07-12,StrongBody_Bull|VeryLow|Micro_2_1.5_5,bull_call_10,LONG,5593.93,5595.93,09:30,09:31,1,profit_target,2.0,12.9,52.0,O:SPXW240712C05595000|O:SPXW240712C05605000,10.98/6.6,12.1/7.2
2024-07-12,StrongBody_Trend|VeryLow|Micro_2_1.5_5,long_call,LONG,5593.93,5595.93,09:30,09:31,1,profit_target,2.0,12.9,112.0,O:SPXW240712C05595000,10.98,12.1
2024-07-12,StrongBody_Trend|VeryLow|Micro_2_1.5_5,long_otm_call,LONG,5593.93,5595.93,09:30,09:31,1,profit_target,2.0,12.9,80.0,O:SPXW240712C05600000,8.7,9.5
2024-07-12,StrongBody_Trend|VeryLow|Micro_2_1.5_5,bull_call_10,LONG,5593.93,5595.93,09:30,09:31,1,profit_target,2.0,12.9,52.0,O:SPXW240712C05595000|O:SPXW240712C05605000,10.98/6.6,12.1/7.2
2024-07-12,Bull_GapCont|Fri|Std_10_5_15,long_call,LONG,5593.93,5596.82,09:30,09:45,15,time_stop,2.89,12.9,62.0,O:SPXW240712C05595000,10.98,11.6
2024-07-12,Bull_GapCont|Fri|Std_10_5_15,long_otm_call,LONG,5593.93,5596.82,09:30,09:45,15,time_stop,2.89,12.9,40.0,O:SPXW240712C05600000,8.7,9.1
2024-07-12,Bull_GapCont|Fri|Std_10_5_15,bull_call_5,LONG,5593.93,5596.82,09:30,09:45,15,time_stop,2.89,12.9,22.0,O:SPXW240712C05595000|O:SPXW240712C05600000,10.98/8.7,11.6/9.1
2024-07-12,Bull_GapCont|Fri|Std_10_5_15,bull_call_10,LONG,5593.93,5596.82,09:30,09:45,15,time_stop,2.89,12.9,40.0,O:SPXW240712C05595000|O:SPXW240712C05605000,10.98/6.6,11.6/6.82
2024-09-06,Bull_GapCont|Fri|Std_10_5_15,long_call,LONG,5514.55,5509.55,09:30,09:32,2,stop_loss,-5.0,22.0,-315.0,O:SPXW240906C05515000,21,17.85
2024-09-06,Bull_GapCont|Fri|Std_10_5_15,long_otm_call,LONG,5514.55,5509.55,09:30,09:32,2,stop_loss,-5.0,22.0,-265.0,O:SPXW240906C05520000,18.2,15.55
2024-09-06,Bull_GapCont|Fri|Std_10_5_15,bull_call_5,LONG,5514.55,5509.55,09:30,09:32,2,stop_loss,-5.0,22.0,-50.0,O:SPXW240906C05515000|O:SPXW240906C05520000,21/18.2,17.85/15.55
2024-09-06,Bull_GapCont|Fri|Std_10_5_15,bull_call_10,LONG,5514.55,5509.55,09:30,09:32,2,stop_loss,-5.0,22.0,-35.0,O:SPXW240906C05515000|O:SPXW240906C05525000,21/16.3,17.85/13.5
2024-10-11,StrongBody_PrevBull|Fri|Asym_12_4_20,long_call,LONG,5779.41,5791.41,09:30,09:47,17,profit_target,12.0,20.9,489.0,O:SPXW241011C05780000,11.9,16.79
2024-10-11,StrongBody_PrevBull|Fri|Asym_12_4_20,long_otm_call,LONG,5779.41,5791.41,09:30,09:47,17,profit_target,12.0,20.9,420.0,O:SPXW241011C05785000,9.4,13.6
2024-10-11,StrongBody_PrevBull|Fri|Asym_12_4_20,bull_call_10,LONG,5779.41,5791.41,09:30,09:47,17,profit_target,12.0,20.9,169.0,O:SPXW241011C05780000|O:SPXW241011C05790000,11.9/7.4,16.79/10.6
2024-10-25,Bull_GapCont|Fri|Std_10_5_15,long_call,LONG,5840.17,5846.19,09:30,09:45,15,time_stop,6.02,19.2,240.0,O:SPXW241025C05840000,11,13.4
2024-10-25,Bull_GapCont|Fri|Std_10_5_15,long_otm_call,LONG,5840.17,5846.19,09:30,09:45,15,time_stop,6.02,19.2,190.0,O:SPXW241025C05845000,8.3,10.2
2024-10-25,Bull_GapCont|Fri|Std_10_5_15,bull_call_5,LONG,5840.17,5846.19,09:30,09:45,15,time_stop,6.02,19.2,50.0,O:SPXW241025C05840000|O:SPXW241025C05845000,11/8.3,13.4/10.2
2024-10-25,Bull_GapCont|Fri|Std_10_5_15,bull_call_10,LONG,5840.17,5846.19,09:30,09:45,15,time_stop,6.02,19.2,70.0,O:SPXW241025C05840000|O:SPXW241025C05850000,11/6,13.4/7.7
2024-11-08,Bull_GapCont|Fri|Std_10_5_15,long_call,LONG,5981.25,5980.97,09:30,09:45,15,time_stop,-0.28,15.1,-70.0,O:SPXW241108C05980000,11.9,11.2
2024-11-08,Bull_GapCont|Fri|Std_10_5_15,long_otm_call,LONG,5981.25,5980.97,09:30,09:45,15,time_stop,-0.28,15.1,-80.0,O:SPXW241108C05985000,9.3,8.5
2024-11-08,Bull_GapCont|Fri|Std_10_5_15,bull_call_5,LONG,5981.25,5980.97,09:30,09:45,15,time_stop,-0.28,15.1,10.0,O:SPXW241108C05980000|O:SPXW241108C05985000,11.9/9.3,11.2/8.5
2024-11-08,Bull_GapCont|Fri|Std_10_5_15,bull_call_10,LONG,5981.25,5980.97,09:30,09:45,15,time_stop,-0.28,15.1,-10.0,O:SPXW241108C05980000|O:SPXW241108C05990000,11.9/7.1,11.2/6.5
2024-11-08,StrongBody_PrevBull|Fri|Asym_12_4_20,long_call,LONG,5981.25,5986.75,09:30,09:50,20,time_stop,5.5,15.1,190.0,O:SPXW241108C05980000,11.9,13.8
2024-11-08,StrongBody_PrevBull|Fri|Asym_12_4_20,long_otm_call,LONG,5981.25,5986.75,09:30,09:50,20,time_stop,5.5,15.1,140.0,O:SPXW241108C05985000,9.3,10.7
2024-11-08,StrongBody_PrevBull|Fri|Asym_12_4_20,bull_call_10,LONG,5981.25,5986.75,09:30,09:50,20,time_stop,5.5,15.1,90.0,O:SPXW241108C05980000|O:SPXW241108C05990000,11.9/7.1,13.8/8.1
2024-11-29,Bull_GapCont|Fri|Std_10_5_15,long_call,LONG,6005.52,6014.2,09:30,09:45,15,time_stop,8.68,14.0,458.0,O:SPXW241129C06005000,8.42,13
2024-11-29,Bull_GapCont|Fri|Std_10_5_15,long_otm_call,LONG,6005.52,6014.2,09:30,09:45,15,time_stop,8.68,14.0,347.0,O:SPXW241129C06010000,6.03,9.5
2024-11-29,Bull_GapCont|Fri|Std_10_5_15,bull_call_5,LONG,6005.52,6014.2,09:30,09:45,15,time_stop,8.68,14.0,111.0,O:SPXW241129C06005000|O:SPXW241129C06010000,8.42/6.03,13/9.5
2024-11-29,Bull_GapCont|Fri|Std_10_5_15,bull_call_10,LONG,6005.52,6014.2,09:30,09:45,15,time_stop,8.68,14.0,218.0,O:SPXW241129C06005000|O:SPXW241129C06015000,8.42/4.2,13/6.6
2024-12-06,Bull_GapCont|Fri|Std_10_5_15,long_call,LONG,6086.1,6093.0,09:30,09:45,15,time_stop,6.9,13.6,333.0,O:SPXW241206C06085000,10.37,13.7
2024-12-06,Bull_GapCont|Fri|Std_10_5_15,long_otm_call,LONG,6086.1,6093.0,09:30,09:45,15,time_stop,6.9,13.6,250.0,O:SPXW241206C06090000,7.7,10.2
2024-12-06,Bull_GapCont|Fri|Std_10_5_15,bull_call_5,LONG,6086.1,6093.0,09:30,09:45,15,time_stop,6.9,13.6,83.0,O:SPXW241206C06085000|O:SPXW241206C06090000,10.37/7.7,13.7/10.2
2024-12-06,Bull_GapCont|Fri|Std_10_5_15,bull_call_10,LONG,6086.1,6093.0,09:30,09:45,15,time_stop,6.9,13.6,163.0,O:SPXW241206C06085000|O:SPXW241206C06095000,10.37/5.7,13.7/7.4
2024-12-13,Bull_GapCont|Fri|Std_10_5_15,long_otm_call,LONG,6070.95,6077.62,09:30,09:45,15,time_stop,6.67,13.6,253.0,O:SPXW241213C06075000,6.37,8.9
2025-02-07,StrongBody_PrevBull|Fri|Asym_12_4_20,long_call,LONG,6087.59,6098.25,09:30,09:50,20,time_stop,10.66,15.4,480.0,O:SPXW250207C06090000,13,17.8
2025-02-07,StrongBody_PrevBull|Fri|Asym_12_4_20,long_otm_call,LONG,6087.59,6098.25,09:30,09:50,20,time_stop,10.66,15.4,376.0,O:SPXW250207C06095000,10.62,14.38
2025-02-07,StrongBody_PrevBull|Fri|Asym_12_4_20,bull_call_10,LONG,6087.59,6098.25,09:30,09:50,20,time_stop,10.66,15.4,194.0,O:SPXW250207C06090000|O:SPXW250207C06100000,13/8.54,17.8/11.4
2025-02-14,StrongBody_PrevBull|Fri|Asym_12_4_20,long_otm_call,LONG,6120.49,6116.49,09:30,09:31,1,stop_loss,-4.0,15.1,-100.0,O:SPXW250214C06125000,9.2,8.2
2025-05-09,Bull_GapCont|Fri|Std_10_5_15,long_call,LONG,5687.11,5682.11,09:30,09:43,13,stop_loss,-5.0,22.4,-370.0,O:SPXW250509C05685000,19.2,15.5
2025-05-09,Bull_GapCont|Fri|Std_10_5_15,long_otm_call,LONG,5687.11,5682.11,09:30,09:43,13,stop_loss,-5.0,22.4,-338.0,O:SPXW250509C05690000,16.54,13.16
2025-05-09,Bull_GapCont|Fri|Std_10_5_15,bull_call_5,LONG,5687.11,5682.11,09:30,09:43,13,stop_loss,-5.0,22.4,-32.0,O:SPXW250509C05685000|O:SPXW250509C05690000,19.2/16.54,15.5/13.16
2025-05-09,Bull_GapCont|Fri|Std_10_5_15,bull_call_10,LONG,5687.11,5682.11,09:30,09:43,13,stop_loss,-5.0,22.4,-90.0,O:SPXW250509C05685000|O:SPXW250509C05695000,19.2/14,15.5/11.2
2025-05-09,StrongBody_PrevBull|Fri|Asym_12_4_20,long_call,LONG,5687.11,5683.11,09:30,09:43,13,stop_loss,-4.0,22.4,-370.0,O:SPXW250509C05685000,19.2,15.5
2025-05-09,StrongBody_PrevBull|Fri|Asym_12_4_20,long_otm_call,LONG,5687.11,5683.11,09:30,09:43,13,stop_loss,-4.0,22.4,-338.0,O:SPXW250509C05690000,16.54,13.16
2025-05-09,StrongBody_PrevBull|Fri|Asym_12_4_20,bull_call_10,LONG,5687.11,5683.11,09:30,09:43,13,stop_loss,-4.0,22.4,-90.0,O:SPXW250509C05685000|O:SPXW250509C05695000,19.2/14,15.5/11.2
2025-06-27,Bull_GapCont|Fri|Std_10_5_15,long_call,LONG,6156.9,6160.75,09:30,09:45,15,time_stop,3.85,16.3,250.0,O:SPXW250627C06155000,11.1,13.6
2025-06-27,Bull_GapCont|Fri|Std_10_5_15,long_otm_call,LONG,6156.9,6160.75,09:30,09:45,15,time_stop,3.85,16.3,200.0,O:SPXW250627C06160000,8.5,10.5
2025-06-27,Bull_GapCont|Fri|Std_10_5_15,bull_call_5,LONG,6156.9,6160.75,09:30,09:45,15,time_stop,3.85,16.3,50.0,O:SPXW250627C06155000|O:SPXW250627C06160000,11.1/8.5,13.6/10.5
2025-06-27,Bull_GapCont|Fri|Std_10_5_15,bull_call_10,LONG,6156.9,6160.75,09:30,09:45,15,time_stop,3.85,16.3,100.0,O:SPXW250627C06155000|O:SPXW250627C06165000,11.1/6.3,13.6/7.8
2025-06-27,StrongBody_PrevBull|Fri|Asym_12_4_20,long_call,LONG,6156.9,6162.23,09:30,09:50,20,time_stop,5.33,16.3,260.0,O:SPXW250627C06155000,11.1,13.7
2025-06-27,StrongBody_PrevBull|Fri|Asym_12_4_20,long_otm_call,LONG,6156.9,6162.23,09:30,09:50,20,time_stop,5.33,16.3,210.0,O:SPXW250627C06160000,8.5,10.6
2025-06-27,StrongBody_PrevBull|Fri|Asym_12_4_20,bull_call_10,LONG,6156.9,6162.23,09:30,09:50,20,time_stop,5.33,16.3,96.0,O:SPXW250627C06155000|O:SPXW250627C06165000,11.1/6.3,13.7/7.94
2025-07-25,Bull_GapCont|Fri|Std_10_5_15,long_otm_call,LONG,6371.81,6373.73,09:30,09:45,15,time_stop,1.92,15.3,0.0,O:SPXW250725C06375000,7.6,7.6
2025-08-08,Bull_GapCont|Fri|Std_10_5_15,long_call,LONG,6362.24,6357.24,09:30,09:34,4,stop_loss,-5.0,16.5,-150.0,O:SPXW250808C06360000,13.8,12.3
2025-08-08,Bull_GapCont|Fri|Std_10_5_15,long_otm_call,LONG,6362.24,6357.24,09:30,09:34,4,stop_loss,-5.0,16.5,-130.0,O:SPXW250808C06365000,11,9.7
2025-08-08,Bull_GapCont|Fri|Std_10_5_15,bull_call_5,LONG,6362.24,6357.24,09:30,09:34,4,stop_loss,-5.0,16.5,-20.0,O:SPXW250808C06360000|O:SPXW250808C06365000,13.8/11,12.3/9.7
2025-08-08,Bull_GapCont|Fri|Std_10_5_15,bull_call_10,LONG,6362.24,6357.24,09:30,09:34,4,stop_loss,-5.0,16.5,-40.0,O:SPXW250808C06360000|O:SPXW250808C06370000,13.8/8.5,12.3/7.4
2025-09-26,Bull_GapCont|Fri|Std_10_5_15,long_otm_call,LONG,6617.65,6627.65,09:30,09:32,2,profit_target,10.0,16.9,120.0,O:SPXW250926C06625000,9.9,11.1
2025-10-03,Bull_GapCont|Fri|Std_10_5_15,long_otm_call,LONG,6725.48,6735.48,09:30,09:39,9,profit_target,10.0,16.4,580.0,O:SPXW251003C06730000,9.2,15
2025-10-10,Bull_GapCont|Fri|Std_10_5_15,long_call,LONG,6743.2,6753.2,09:30,09:36,6,profit_target,10.0,16.4,600.0,O:SPXW251010C06745000,10.4,16.4
2025-10-10,Bull_GapCont|Fri|Std_10_5_15,long_otm_call,LONG,6743.2,6753.2,09:30,09:36,6,profit_target,10.0,16.4,542.0,O:SPXW251010C06750000,7.68,13.1
2025-10-10,Bull_GapCont|Fri|Std_10_5_15,bull_call_5,LONG,6743.2,6753.2,09:30,09:36,6,profit_target,10.0,16.4,58.0,O:SPXW251010C06745000|O:SPXW251010C06750000,10.4/7.68,16.4/13.1
2025-10-10,Bull_GapCont|Fri|Std_10_5_15,bull_call_10,LONG,6743.2,6753.2,09:30,09:36,6,profit_target,10.0,16.4,150.0,O:SPXW251010C06745000|O:SPXW251010C06755000,10.4/5.6,16.4/10.1
2025-11-21,Bull_GapCont|Fri|Std_10_5_15,long_call,LONG,6572.26,6567.26,09:30,09:31,1,stop_loss,-5.0,26.0,-410.0,O:SPXW251121C06570000,34.6,30.5
2025-11-21,Bull_GapCont|Fri|Std_10_5_15,long_otm_call,LONG,6572.26,6567.26,09:30,09:31,1,stop_loss,-5.0,26.0,-420.0,O:SPXW251121C06575000,32.2,28
2025-11-21,Bull_GapCont|Fri|Std_10_5_15,bull_call_5,LONG,6572.26,6567.26,09:30,09:31,1,stop_loss,-5.0,26.0,10.0,O:SPXW251121C06570000|O:SPXW251121C06575000,34.6/32.2,30.5/28
2025-11-21,Bull_GapCont|Fri|Std_10_5_15,bull_call_10,LONG,6572.26,6567.26,09:30,09:31,1,stop_loss,-5.0,26.0,20.0,O:SPXW251121C06570000|O:SPXW251121C06580000,34.6/29.9,30.5/25.6
2025-12-05,Bull_GapCont|Fri|Std_10_5_15,long_call,LONG,6873.21,6868.21,09:30,09:41,11,stop_loss,-5.0,15.6,-300.0,O:SPXW251205C06875000,13.5,10.5
2025-12-05,Bull_GapCont|Fri|Std_10_5_15,long_otm_call,LONG,6873.21,6868.21,09:30,09:41,11,stop_loss,-5.0,15.6,-230.0,O:SPXW251205C06880000,10.5,8.2
2025-12-05,Bull_GapCont|Fri|Std_10_5_15,bull_call_5,LONG,6873.21,6868.21,09:30,09:41,11,stop_loss,-5.0,15.6,-70.0,O:SPXW251205C06875000|O:SPXW251205C06880000,13.5/10.5,10.5/8.2
2025-12-05,Bull_GapCont|Fri|Std_10_5_15,bull_call_10,LONG,6873.21,6868.21,09:30,09:41,11,stop_loss,-5.0,15.6,-110.0,O:SPXW251205C06875000|O:SPXW251205C06885000,13.5/8.1,10.5/6.2
2025-12-19,Bull_GapCont|Fri|Std_10_5_15,long_call,LONG,6800.27,6810.27,09:30,09:33,3,profit_target,10.0,16.3,364.0,O:SPXW251219C06800000,18.8,22.44
2025-12-19,Bull_GapCont|Fri|Std_10_5_15,long_otm_call,LONG,6800.27,6810.27,09:30,09:33,3,profit_target,10.0,16.3,370.0,O:SPXW251219C06805000,15.8,19.5
2025-12-19,Bull_GapCont|Fri|Std_10_5_15,bull_call_5,LONG,6800.27,6810.27,09:30,09:33,3,profit_target,10.0,16.3,-6.0,O:SPXW251219C06800000|O:SPXW251219C06805000,18.8/15.8,22.44/19.5
2025-12-19,Bull_GapCont|Fri|Std_10_5_15,bull_call_10,LONG,6800.27,6810.27,09:30,09:33,3,profit_target,10.0,16.3,64.0,O:SPXW251219C06800000|O:SPXW251219C06810000,18.8/13.6,22.44/16.6
2026-01-09,Bull_GapCont|Fri|Std_10_5_15,long_call,LONG,6933.85,6943.85,09:30,09:37,7,profit_target,10.0,15.7,550.0,O:SPXW260109C06935000,17.5,23
2026-01-09,Bull_GapCont|Fri|Std_10_5_15,long_otm_call,LONG,6933.85,6943.85,09:30,09:37,7,profit_target,10.0,15.7,499.0,O:SPXW260109C06940000,15.01,20
2026-01-09,Bull_GapCont|Fri|Std_10_5_15,bull_call_5,LONG,6933.85,6943.85,09:30,09:37,7,profit_target,10.0,15.7,51.0,O:SPXW260109C06935000|O:SPXW260109C06940000,17.5/15.01,23/20
2026-01-09,Bull_GapCont|Fri|Std_10_5_15,bull_call_10,LONG,6933.85,6943.85,09:30,09:37,7,profit_target,10.0,15.7,80.0,O:SPXW260109C06935000|O:SPXW260109C06945000,17.5/12.4,23/17.1
2026-01-09,StrongBody_PrevBull|Fri|Asym_12_4_20,long_call,LONG,6933.85,6945.85,09:30,09:38,8,profit_target,12.0,15.7,580.0,O:SPXW260109C06935000,17.5,23.3
2026-01-09,StrongBody_PrevBull|Fri|Asym_12_4_20,long_otm_call,LONG,6933.85,6945.85,09:30,09:38,8,profit_target,12.0,15.7,519.0,O:SPXW260109C06940000,15.01,20.2
2026-01-09,StrongBody_PrevBull|Fri|Asym_12_4_20,bull_call_10,LONG,6933.85,6945.85,09:30,09:38,8,profit_target,12.0,15.7,100.0,O:SPXW260109C06935000|O:SPXW260109C06945000,17.5/12.4,23.3/17.2
2026-01-16,Bull_GapCont|Fri|Std_10_5_15,long_otm_call,LONG,6963.36,6958.36,09:30,09:41,11,stop_loss,-5.0,15.4,-295.0,O:SPXW260116C06970000,8.7,5.75
2026-02-06,Bull_GapCont|Fri|Std_10_5_15,long_call,LONG,6835.25,6845.25,09:30,09:32,2,profit_target,10.0,21.2,815.0,O:SPXW260206C06835000,28.55,36.7
2026-02-06,Bull_GapCont|Fri|Std_10_5_15,long_otm_call,LONG,6835.25,6845.25,09:30,09:32,2,profit_target,10.0,21.2,800.0,O:SPXW260206C06840000,25.5,33.5
2026-02-06,Bull_GapCont|Fri|Std_10_5_15,bull_call_5,LONG,6835.25,6845.25,09:30,09:32,2,profit_target,10.0,21.2,15.0,O:SPXW260206C06835000|O:SPXW260206C06840000,28.55/25.5,36.7/33.5
2026-02-06,Bull_GapCont|Fri|Std_10_5_15,bull_call_10,LONG,6835.25,6845.25,09:30,09:32,2,profit_target,10.0,21.2,137.0,O:SPXW260206C06835000|O:SPXW260206C06845000,28.55/23.52,36.7/30.3
